PLAYER_ID,PLAYER_FULLNAME,SEASON_ID,LEAGUE_ID,TEAM_ID,TEAM_ABBREVIATION,PLAYER_AGE,GP,GS,MIN,FGM,FGA,FG_PCT,FG3M,FG3A,FG3_PCT,FTM,FTA,FT_PCT,OREB,DREB,REB,AST,STL,BLK,TOV,PF,PTS,MIN_PG,FGM_PG,FGA_PG,FG_PCT_PG,FG3M_PG,FG3A_PG,FG3_PCT_PG,FTM_PG,FTA_PG,FT_PCT_PG,OREB_PG,DREB_PG,REB_PG,AST_PG,STL_PG,BLK_PG,TOV_PG,PF_PG,PTS_PG
201167,ARRON AFFLALO,2009,00,1610612743,DEN,24.0,82,75,2221.0,272,585,0.465,108,249,0.434,72,98,0.735,59,193,252,138,46,30,74,225,724,27.1,3.3,7.1,0.465,1.3,3.0,0.434,0.9,1.2,0.735,0.7,2.4,3.1,1.7,0.6,0.4,0.9,2.7,8.8
201582,ALEXIS AJINCA,2009,00,1610612766,CHA,22.0,6,0,30.0,5,10,0.5,0,0,0.0,0,1,0.0,1,3,4,0,1,1,2,5,10,4.9,0.8,1.7,0.5,0.0,0.0,0.0,0.0,0.2,0.0,0.2,0.5,0.7,0.0,0.2,0.2,0.3,0.8,1.7
200746,LAMARCUS ALDRIDGE,2009,00,1610612757,POR,24.0,78,78,2922.0,579,1169,0.495,5,16,0.313,230,304,0.757,192,435,627,160,67,48,104,231,1393,37.5,7.4,15.0,0.495,0.1,0.2,0.313,2.9,3.9,0.757,2.5,5.6,8.0,2.1,0.9,0.6,1.3,3.0,17.9
201570,JOE ALEXANDER,2009,00,1610612741,CHI,23.0,8,0,29.0,1,6,0.167,0,1,0.0,2,3,0.667,2,3,5,2,1,1,0,9,4,3.6,0.1,0.8,0.167,0.0,0.1,0.0,0.3,0.4,0.667,0.3,0.4,0.6,0.3,0.1,0.1,0.0,1.1,0.5
2124,MALIK ALLEN,2009,00,1610612743,DEN,32.0,51,3,456.0,46,116,0.397,1,6,0.167,12,13,0.923,36,46,82,16,11,5,22,68,105,8.9,0.9,2.3,0.397,0.0,0.1,0.167,0.2,0.3,0.923,0.7,0.9,1.6,0.3,0.2,0.1,0.4,1.3,2.1
951,RAY ALLEN,2009,00,1610612738,BOS,34.0,80,80,2819.0,464,973,0.477,145,399,0.363,231,253,0.913,45,208,253,210,64,25,129,182,1304,35.2,5.8,12.2,0.477,1.8,5.0,0.363,2.9,3.2,0.913,0.6,2.6,3.2,2.6,0.8,0.3,1.6,2.3,16.3
2754,TONY ALLEN,2009,00,1610612738,BOS,28.0,54,8,889.0,129,253,0.51,0,5,0.0,72,119,0.605,52,93,145,72,59,19,66,109,330,16.5,2.4,4.7,0.51,0.0,0.1,0.0,1.3,2.2,0.605,1.0,1.7,2.7,1.3,1.1,0.4,1.2,2.0,6.1
1747,RAFER ALSTON,2009,00,1610612751,NJN,33.0,27,13,766.0,95,277,0.343,28,87,0.322,44,54,0.815,9,66,75,104,27,5,61,50,262,28.4,3.5,10.3,0.343,1.0,3.2,0.322,1.6,2.0,0.815,0.3,2.4,2.8,3.9,1.0,0.2,2.3,1.9,9.7
200811,LOU AMUNDSON,2009,00,1610612756,PHX,27.0,79,0,1168.0,152,276,0.551,0,1,0.0,67,123,0.545,128,218,346,31,24,73,57,169,371,14.8,1.9,3.5,0.551,0.0,0.0,0.0,0.8,1.6,0.545,1.6,2.8,4.4,0.4,0.3,0.9,0.7,2.1,4.7
2365,CHRIS ANDERSEN,2009,00,1610612743,DEN,31.0,76,0,1695.0,142,251,0.566,0,3,0.0,164,236,0.695,147,336,483,33,42,143,59,171,448,22.3,1.9,3.3,0.566,0.0,0.0,0.0,2.2,3.1,0.695,1.9,4.4,6.4,0.4,0.6,1.9,0.8,2.3,5.9
2431,DAVID ANDERSEN,2009,00,1610612745,HOU,30.0,63,0,891.0,147,340,0.432,27,78,0.346,46,67,0.687,54,154,208,44,15,12,37,119,367,14.1,2.3,5.4,0.432,0.4,1.2,0.346,0.7,1.1,0.687,0.9,2.4,3.3,0.7,0.2,0.2,0.6,1.9,5.8
202079,ANTONIO ANDERSON,2009,00,1610612760,OKC,25.0,1,0,15.0,1,3,0.333,0,0,0.0,0,0,0.0,1,0,1,0,0,0,1,1,2,14.6,1.0,3.0,0.333,0.0,0.0,0.0,0.0,0.0,0.0,1.0,0.0,1.0,0.0,0.0,0.0,1.0,1.0,2.0
201583,RYAN ANDERSON,2009,00,1610612753,ORL,22.0,63,6,911.0,169,388,0.436,78,211,0.37,71,82,0.866,70,132,202,37,25,14,56,81,487,14.5,2.7,6.2,0.436,1.2,3.3,0.37,1.1,1.3,0.866,1.1,2.1,3.2,0.6,0.4,0.2,0.9,1.3,7.7
2546,CARMELO ANTHONY,2009,00,1610612743,DEN,26.0,69,69,2634.0,688,1502,0.458,59,187,0.316,508,612,0.83,152,302,454,222,88,30,209,225,1943,38.2,10.0,21.8,0.458,0.9,2.7,0.316,7.4,8.9,0.83,2.2,4.4,6.6,3.2,1.3,0.4,3.0,3.3,28.2
201202,JOEL ANTHONY,2009,00,1610612748,MIA,27.0,80,16,1322.0,76,159,0.478,0,0,0.0,66,92,0.717,123,126,249,12,20,109,45,158,218,16.5,1.0,2.0,0.478,0.0,0.0,0.0,0.8,1.2,0.717,1.5,1.6,3.1,0.2,0.3,1.4,0.6,2.0,2.7
2240,GILBERT ARENAS,2009,00,1610612764,WAS,28.0,32,32,1169.0,253,616,0.411,63,181,0.348,153,207,0.739,17,116,133,230,41,9,117,95,722,36.5,7.9,19.3,0.411,2.0,5.7,0.348,4.8,6.5,0.739,0.5,3.6,4.2,7.2,1.3,0.3,3.7,3.0,22.6
2772,TREVOR ARIZA,2009,00,1610612745,HOU,24.0,72,71,2629.0,394,999,0.394,136,407,0.334,148,228,0.649,78,325,403,276,126,40,161,162,1072,36.5,5.5,13.9,0.394,1.9,5.7,0.334,2.1,3.2,0.649,1.1,4.5,5.6,3.8,1.8,0.6,2.2,2.3,14.9
200756,HILTON ARMSTRONG,2009,00,1610612740,NOH,25.0,18,0,239.0,19,50,0.38,0,0,0.0,13,28,0.464,17,44,61,16,8,8,13,44,51,13.3,1.1,2.8,0.38,0.0,0.0,0.0,0.7,1.6,0.464,0.9,2.4,3.4,0.9,0.4,0.4,0.7,2.4,2.8
2306,CARLOS ARROYO,2009,00,1610612748,MIA,30.0,72,35,1585.0,178,375,0.475,7,25,0.28,76,90,0.844,26,104,130,225,36,6,54,102,439,22.0,2.5,5.2,0.475,0.1,0.3,0.28,1.1,1.3,0.844,0.4,1.4,1.8,3.1,0.5,0.1,0.8,1.4,6.1
201589,DARRELL ARTHUR,2009,00,1610612763,MEM,22.0,32,1,457.0,63,146,0.432,0,1,0.0,17,30,0.567,37,73,110,15,14,14,22,60,143,14.3,2.0,4.6,0.432,0.0,0.0,0.0,0.5,0.9,0.567,1.2,2.3,3.4,0.5,0.4,0.4,0.7,1.9,4.5
1088,CHUCKY ATKINS,2009,00,1610612765,DET,35.0,40,11,644.0,57,157,0.363,22,73,0.301,25,27,0.926,5,24,29,91,17,0,32,53,161,16.1,1.4,3.9,0.363,0.6,1.8,0.301,0.6,0.7,0.926,0.1,0.6,0.7,2.3,0.4,0.0,0.8,1.3,4.0
201571,D.J. AUGUSTIN,2009,00,1610612766,CHA,22.0,80,2,1472.0,168,435,0.386,70,178,0.393,102,131,0.779,11,86,97,193,45,5,74,127,508,18.4,2.1,5.4,0.386,0.9,2.2,0.393,1.3,1.6,0.779,0.1,1.1,1.2,2.4,0.6,0.1,0.9,1.6,6.4
201965,JEFF AYRES,2009,00,1610612757,POR,23.0,39,4,405.0,43,65,0.662,0,0,0.0,18,20,0.9,25,73,98,1,7,16,12,76,104,10.4,1.1,1.7,0.662,0.0,0.0,0.0,0.5,0.5,0.9,0.6,1.9,2.5,0.0,0.2,0.4,0.3,1.9,2.7
101235,KELENNA AZUBUIKE,2009,00,1610612744,GSW,26.0,9,7,231.0,48,88,0.545,10,27,0.37,19,28,0.679,12,29,41,10,5,9,7,16,125,25.7,5.3,9.8,0.545,1.1,3.0,0.37,2.1,3.1,0.679,1.3,3.2,4.6,1.1,0.6,1.0,0.8,1.8,13.9
200764,RENALDO BALKMAN,2009,00,1610612743,DEN,25.0,13,1,91.0,6,18,0.333,0,7,0.0,2,6,0.333,4,19,23,7,8,2,6,16,14,7.0,0.5,1.4,0.333,0.0,0.5,0.0,0.2,0.5,0.333,0.3,1.5,1.8,0.5,0.6,0.2,0.5,1.2,1.1
2556,MARCUS BANKS,2009,00,1610612761,TOR,28.0,22,0,244.0,39,73,0.534,7,24,0.292,24,29,0.828,3,20,23,26,12,2,20,30,109,11.1,1.8,3.3,0.534,0.3,1.1,0.292,1.1,1.3,0.828,0.1,0.9,1.0,1.2,0.5,0.1,0.9,1.4,5.0
2571,LEANDRO BARBOSA,2009,00,1610612756,PHX,27.0,44,5,786.0,155,365,0.425,44,136,0.324,64,73,0.877,11,58,69,64,23,12,46,71,418,17.9,3.5,8.3,0.425,1.0,3.1,0.324,1.5,1.7,0.877,0.3,1.3,1.6,1.5,0.5,0.3,1.0,1.6,9.5
200826,J.J. BAREA,2009,00,1610612742,DAL,26.0,78,18,1546.0,232,527,0.44,56,157,0.357,76,90,0.844,17,129,146,258,35,6,102,119,596,19.8,3.0,6.8,0.44,0.7,2.0,0.357,1.0,1.2,0.844,0.2,1.7,1.9,3.3,0.4,0.1,1.3,1.5,7.6
200745,ANDREA BARGNANI,2009,00,1610612761,TOR,24.0,80,80,2799.0,537,1143,0.47,121,325,0.372,181,234,0.774,105,388,493,93,25,111,120,215,1376,35.0,6.7,14.3,0.47,1.5,4.1,0.372,2.3,2.9,0.774,1.3,4.9,6.2,1.2,0.3,1.4,1.5,2.7,17.2
2440,MATT BARNES,2009,00,1610612753,ORL,30.0,81,58,2097.0,271,557,0.487,66,207,0.319,108,146,0.74,106,339,445,134,59,30,112,185,716,25.9,3.3,6.9,0.487,0.8,2.6,0.319,1.3,1.8,0.74,1.3,4.2,5.5,1.7,0.7,0.4,1.4,2.3,8.8
2853,EARL BARRON,2009,00,1610612752,NYK,28.0,7,6,232.0,30,68,0.441,0,0,0.0,22,29,0.759,31,46,77,8,4,4,11,24,82,33.1,4.3,9.7,0.441,0.0,0.0,0.0,3.1,4.1,0.759,4.4,6.6,11.0,1.1,0.6,0.6,1.6,3.4,11.7
101138,BRANDON BASS,2009,00,1610612753,ORL,25.0,50,3,648.0,119,233,0.511,0,0,0.0,52,63,0.825,54,73,127,19,12,27,31,69,290,13.0,2.4,4.7,0.511,0.0,0.0,0.0,1.0,1.3,0.825,1.1,1.5,2.5,0.4,0.2,0.5,0.6,1.4,5.8
1499,TONY BATTIE,2009,00,1610612751,NJN,34.0,15,0,134.0,14,40,0.35,1,4,0.25,7,10,0.7,4,19,23,3,4,2,3,19,36,8.9,0.9,2.7,0.35,0.1,0.3,0.25,0.5,0.7,0.7,0.3,1.3,1.5,0.2,0.3,0.1,0.2,1.3,2.4
2203,SHANE BATTIER,2009,00,1610612745,HOU,31.0,67,62,2168.0,178,447,0.398,101,279,0.362,77,106,0.726,74,238,312,164,53,76,64,139,534,32.4,2.7,6.7,0.398,1.5,4.2,0.362,1.1,1.6,0.726,1.1,3.6,4.7,2.4,0.8,1.1,1.0,2.1,8.0
201587,NICOLAS BATUM,2009,00,1610612757,POR,21.0,37,25,918.0,139,268,0.519,54,132,0.409,43,51,0.843,32,109,141,44,24,25,27,83,375,24.8,3.8,7.2,0.519,1.5,3.6,0.409,1.2,1.4,0.843,0.9,2.9,3.8,1.2,0.6,0.7,0.7,2.2,10.1
201573,JERRYD BAYLESS,2009,00,1610612757,POR,21.0,74,11,1304.0,200,483,0.414,29,92,0.315,201,242,0.831,18,102,120,172,26,5,94,152,630,17.6,2.7,6.5,0.414,0.4,1.2,0.315,2.7,3.3,0.831,0.2,1.4,1.6,2.3,0.4,0.1,1.3,2.1,8.5
201563,MICHAEL BEASLEY,2009,00,1610612748,MIA,21.0,78,78,2328.0,468,1040,0.45,28,102,0.275,192,240,0.8,123,375,498,100,80,49,131,221,1156,29.8,6.0,13.3,0.45,0.4,1.3,0.275,2.5,3.1,0.8,1.6,4.8,6.4,1.3,1.0,0.6,1.7,2.8,14.8
201958,RODRIGUE BEAUBOIS,2009,00,1610612742,DAL,22.0,56,16,700.0,155,299,0.518,45,110,0.409,42,52,0.808,12,66,78,74,29,12,54,84,397,12.5,2.8,5.3,0.518,0.8,2.0,0.409,0.8,0.9,0.808,0.2,1.2,1.4,1.3,0.5,0.2,1.0,1.5,7.1
201158,MARCO BELINELLI,2009,00,1610612761,TOR,24.0,66,1,1121.0,154,379,0.406,60,158,0.38,101,121,0.835,14,81,95,89,42,5,60,80,469,17.0,2.3,5.7,0.406,0.9,2.4,0.38,1.5,1.8,0.835,0.2,1.2,1.4,1.3,0.6,0.1,0.9,1.2,7.1
2294,CHARLIE BELL,2009,00,1610612749,MIL,31.0,71,39,1611.0,169,443,0.381,73,200,0.365,48,67,0.716,31,101,132,104,39,12,54,136,459,22.7,2.4,6.2,0.381,1.0,2.8,0.365,0.7,0.9,0.716,0.4,1.4,1.9,1.5,0.5,0.2,0.8,1.9,6.5
1952,RAJA BELL,2009,00,1610612766,CHA,33.0,5,5,157.0,24,55,0.436,9,24,0.375,3,3,1.0,5,16,21,10,4,2,5,13,60,31.5,4.8,11.0,0.436,1.8,4.8,0.375,0.6,0.6,1.0,1.0,3.2,4.2,2.0,0.8,0.4,1.0,2.6,12.0
1886,JONATHAN BENDER,2009,00,1610612752,NYK,29.0,25,1,292.0,40,100,0.4,14,39,0.359,24,26,0.923,15,37,52,16,2,17,28,33,118,11.7,1.6,4.0,0.4,0.6,1.6,0.359,1.0,1.0,0.923,0.6,1.5,2.1,0.6,0.1,0.7,1.1,1.3,4.7
1710,MIKE BIBBY,2009,00,1610612737,ATL,32.0,80,80,2195.0,268,644,0.416,126,324,0.389,68,79,0.861,20,164,184,310,67,3,90,157,730,27.4,3.4,8.1,0.416,1.6,4.1,0.389,0.9,1.0,0.861,0.3,2.1,2.3,3.9,0.8,0.0,1.1,2.0,9.1
2740,ANDRIS BIEDRINS,2009,00,1610612744,GSW,24.0,33,29,763.0,81,137,0.591,0,0,0.0,4,25,0.16,63,196,259,57,20,44,32,117,166,23.1,2.5,4.2,0.591,0.0,0.0,0.0,0.1,0.8,0.16,1.9,5.9,7.8,1.7,0.6,1.3,1.0,3.5,5.0
1497,CHAUNCEY BILLUPS,2009,00,1610612743,DEN,33.0,73,73,2490.0,402,962,0.418,157,407,0.386,466,512,0.91,25,203,228,409,82,9,177,153,1427,34.1,5.5,13.2,0.418,2.2,5.6,0.386,6.4,7.0,0.91,0.3,2.8,3.1,5.6,1.1,0.1,2.4,2.1,19.5
201971,DEJUAN BLAIR,2009,00,1610612759,SAS,21.0,82,23,1494.0,275,495,0.556,0,2,0.0,88,161,0.547,200,326,526,65,50,39,112,224,638,18.2,3.4,6.0,0.556,0.0,0.0,0.0,1.1,2.0,0.547,2.4,4.0,6.4,0.8,0.6,0.5,1.4,2.7,7.8
2581,STEVE BLAKE,2009,00,1610612757,POR,30.0,51,28,1397.0,143,355,0.403,78,207,0.377,24,32,0.75,15,103,118,203,37,2,65,84,388,27.4,2.8,7.0,0.403,1.5,4.1,0.377,0.5,0.6,0.75,0.3,2.0,2.3,4.0,0.7,0.0,1.3,1.6,7.6
101154,ANDRAY BLATCHE,2009,00,1610612764,WAS,23.0,81,36,2256.0,478,999,0.478,13,44,0.295,174,234,0.744,158,351,509,170,85,71,182,218,1143,27.9,5.9,12.3,0.478,0.2,0.5,0.295,2.1,2.9,0.744,2.0,4.3,6.3,2.1,1.0,0.9,2.2,2.7,14.1
2586,KEITH BOGANS,2009,00,1610612759,SAS,30.0,79,50,1559.0,120,298,0.403,70,196,0.357,37,50,0.74,25,151,176,95,45,12,53,156,347,19.7,1.5,3.8,0.403,0.9,2.5,0.357,0.5,0.6,0.74,0.3,1.9,2.2,1.2,0.6,0.2,0.7,2.0,4.4
101106,ANDREW BOGUT,2009,00,1610612749,MIL,25.0,69,69,2229.0,473,910,0.52,0,2,0.0,149,237,0.629,208,493,701,127,39,175,131,222,1095,32.3,6.9,13.2,0.52,0.0,0.0,0.0,2.2,3.4,0.629,3.0,7.1,10.2,1.8,0.6,2.5,1.9,3.2,15.9
2588,MATT BONNER,2009,00,1610612759,SAS,30.0,65,8,1161.0,166,372,0.446,90,231,0.39,35,48,0.729,52,162,214,68,30,24,39,109,457,17.9,2.6,5.7,0.446,1.4,3.6,0.39,0.5,0.7,0.729,0.8,2.5,3.3,1.0,0.5,0.4,0.6,1.7,7.0
200767,JOSH BOONE,2009,00,1610612751,NJN,25.0,63,28,1045.0,117,223,0.525,0,0,0.0,19,58,0.328,124,191,315,29,30,48,37,111,253,16.6,1.9,3.5,0.525,0.0,0.0,0.0,0.3,0.9,0.328,2.0,3.0,5.0,0.5,0.5,0.8,0.6,1.8,4.0
2430,CARLOS BOOZER,2009,00,1610612762,UTA,28.0,78,78,2673.0,617,1098,0.562,0,0,0.0,285,384,0.742,181,693,874,247,84,36,212,270,1519,34.3,7.9,14.1,0.562,0.0,0.0,0.0,3.7,4.9,0.742,2.3,8.9,11.2,3.2,1.1,0.5,2.7,3.5,19.5
2547,CHRIS BOSH,2009,00,1610612761,TOR,26.0,70,70,2526.0,600,1158,0.518,8,22,0.364,470,590,0.797,205,554,759,166,43,68,169,170,1678,36.1,8.6,16.5,0.518,0.1,0.3,0.364,6.7,8.4,0.797,2.9,7.9,10.8,2.4,0.6,1.0,2.4,2.4,24.0
1763,RYAN BOWEN,2009,00,1610612760,OKC,34.0,1,0,8.0,1,1,1.0,0,0,0.0,2,2,1.0,1,1,2,0,1,0,0,2,4,7.9,1.0,1.0,1.0,0.0,0.0,0.0,2.0,2.0,1.0,1.0,1.0,2.0,0.0,1.0,0.0,0.0,2.0,4.0
1863,EARL BOYKINS,2009,00,1610612764,WAS,34.0,67,1,1117.0,172,403,0.427,19,60,0.317,77,89,0.865,17,58,75,171,24,3,69,48,440,16.7,2.6,6.0,0.427,0.3,0.9,0.317,1.1,1.3,0.865,0.3,0.9,1.1,2.6,0.4,0.0,1.0,0.7,6.6
1882,ELTON BRAND,2009,00,1610612755,PHI,31.0,76,57,2297.0,412,858,0.48,0,1,0.0,172,233,0.738,179,282,461,109,82,80,131,232,996,30.2,5.4,11.3,0.48,0.0,0.0,0.0,2.3,3.1,0.738,2.4,3.7,6.1,1.4,1.1,1.1,1.7,3.1,13.1
201147,COREY BREWER,2009,00,1610612750,MIN,24.0,82,82,2482.0,409,949,0.431,82,237,0.346,166,256,0.648,70,209,279,193,117,29,164,224,1066,30.3,5.0,11.6,0.431,1.0,2.9,0.346,2.0,3.1,0.648,0.9,2.5,3.4,2.4,1.4,0.4,2.0,2.7,13.0
200758,RONNIE BREWER,2009,00,1610612762,UTA,25.0,53,53,1662.0,206,416,0.495,8,31,0.258,81,128,0.633,44,136,180,151,85,15,51,80,501,31.4,3.9,7.8,0.495,0.2,0.6,0.258,1.5,2.4,0.633,0.8,2.6,3.4,2.8,1.6,0.3,1.0,1.5,9.5
2056,PRIMOZ BREZEC,2009,00,1610612755,PHI,30.0,7,0,36.0,2,13,0.154,0,0,0.0,1,2,0.5,6,6,12,0,1,1,0,9,5,5.1,0.3,1.9,0.154,0.0,0.0,0.0,0.1,0.3,0.5,0.9,0.9,1.7,0.0,0.1,0.1,0.0,1.3,0.7
201972,JON BROCKMAN,2009,00,1610612758,SAC,23.0,52,4,654.0,55,103,0.534,0,0,0.0,37,62,0.597,105,108,213,22,15,5,23,115,147,12.6,1.1,2.0,0.534,0.0,0.0,0.0,0.7,1.2,0.597,2.0,2.1,4.1,0.4,0.3,0.1,0.4,2.2,2.8
201166,AARON BROOKS,2009,00,1610612745,HOU,25.0,82,82,2919.0,575,1331,0.432,209,525,0.398,245,298,0.822,54,161,215,434,69,14,232,199,1604,35.6,7.0,16.2,0.432,2.5,6.4,0.398,3.0,3.6,0.822,0.7,2.0,2.6,5.3,0.8,0.2,2.8,2.4,19.6
201628,BOBBY BROWN,2009,00,1610612740,NOH,25.0,22,0,328.0,60,152,0.395,17,66,0.258,8,8,1.0,1,17,18,46,9,1,24,28,145,14.9,2.7,6.9,0.395,0.8,3.0,0.258,0.4,0.4,1.0,0.0,0.8,0.8,2.1,0.4,0.0,1.1,1.3,6.6
201974,DERRICK BROWN,2009,00,1610612766,CHA,22.0,57,0,535.0,68,147,0.463,2,7,0.286,48,72,0.667,31,47,78,19,21,10,19,53,186,9.4,1.2,2.6,0.463,0.0,0.1,0.286,0.8,1.3,0.667,0.5,0.8,1.4,0.3,0.4,0.2,0.3,0.9,3.3
2484,DEVIN BROWN,2009,00,1610612740,NOH,31.0,39,37,967.0,128,325,0.394,54,147,0.367,69,86,0.802,27,82,109,58,30,5,57,62,379,24.8,3.3,8.3,0.394,1.4,3.8,0.367,1.8,2.2,0.802,0.7,2.1,2.8,1.5,0.8,0.1,1.5,1.6,9.7
2198,KWAME BROWN,2009,00,1610612765,DET,28.0,48,1,660.0,62,124,0.5,0,1,0.0,33,98,0.337,53,124,177,22,15,12,43,93,157,13.7,1.3,2.6,0.5,0.0,0.0,0.0,0.7,2.0,0.337,1.1,2.6,3.7,0.5,0.3,0.3,0.9,1.9,3.3
200769,SHANNON BROWN,2009,00,1610612747,LAL,24.0,82,7,1700.0,253,592,0.427,62,189,0.328,99,121,0.818,30,153,183,108,57,31,67,129,667,20.7,3.1,7.2,0.427,0.8,2.3,0.328,1.2,1.5,0.818,0.4,1.9,2.2,1.3,0.7,0.4,0.8,1.6,8.1
977,KOBE BRYANT,2009,00,1610612747,LAL,31.0,73,73,2835.0,716,1569,0.456,99,301,0.329,439,541,0.811,78,313,391,365,113,20,233,187,1970,38.8,9.8,21.5,0.456,1.4,4.1,0.329,6.0,7.4,0.811,1.1,4.3,5.4,5.0,1.5,0.3,3.2,2.6,27.0
201978,CHASE BUDINGER,2009,00,1610612745,HOU,22.0,74,4,1488.0,249,565,0.441,92,249,0.369,67,87,0.77,38,182,220,88,34,11,48,85,657,20.1,3.4,7.6,0.441,1.2,3.4,0.369,0.9,1.2,0.77,0.5,2.5,3.0,1.2,0.5,0.1,0.6,1.1,8.9
2406,CARON BUTLER,2009,00,1610612764,WAS,30.0,47,47,1853.0,293,694,0.422,25,95,0.263,185,211,0.877,68,248,316,107,68,15,113,126,796,39.4,6.2,14.8,0.422,0.5,2.0,0.263,3.9,4.5,0.877,1.4,5.3,6.7,2.3,1.4,0.3,2.4,2.7,16.9
2446,RASUAL BUTLER,2009,00,1610612746,LAC,31.0,82,64,2702.0,356,870,0.409,145,432,0.336,122,145,0.841,39,201,240,116,36,68,79,121,979,33.0,4.3,10.6,0.409,1.8,5.3,0.336,1.5,1.8,0.841,0.5,2.5,2.9,1.4,0.4,0.8,1.0,1.5,11.9
101115,ANDREW BYNUM,2009,00,1610612747,LAL,22.0,65,65,1977.0,392,688,0.57,0,1,0.0,193,261,0.739,177,364,541,68,35,94,115,193,977,30.4,6.0,10.6,0.57,0.0,0.0,0.0,3.0,4.0,0.739,2.7,5.6,8.3,1.0,0.5,1.4,1.8,3.0,15.0
101198,WILL BYNUM,2009,00,1610612765,DET,27.0,63,20,1667.0,237,534,0.444,12,55,0.218,142,178,0.798,24,118,142,283,55,7,115,143,628,26.5,3.8,8.5,0.444,0.2,0.9,0.218,2.3,2.8,0.798,0.4,1.9,2.3,4.5,0.9,0.1,1.8,2.3,10.0
101181,JOSE CALDERON,2009,00,1610612761,TOR,28.0,68,39,1817.0,274,568,0.482,68,171,0.398,83,104,0.798,23,119,142,404,47,7,99,135,699,26.7,4.0,8.4,0.482,1.0,2.5,0.398,1.2,1.5,0.798,0.3,1.8,2.1,5.9,0.7,0.1,1.5,2.0,10.3
948,MARCUS CAMBY,2009,00,1610612746,LAC,36.0,51,51,1596.0,166,356,0.466,2,6,0.333,60,91,0.659,166,450,616,151,69,99,64,105,394,31.3,3.3,7.0,0.466,0.0,0.1,0.333,1.2,1.8,0.659,3.3,8.8,12.1,3.0,1.4,1.9,1.3,2.1,7.7
2073,BRIAN CARDINAL,2009,00,1610612750,MIN,33.0,29,0,268.0,14,36,0.389,3,9,0.333,17,18,0.944,7,22,29,24,9,3,7,56,48,9.2,0.5,1.2,0.389,0.1,0.3,0.333,0.6,0.6,0.944,0.2,0.8,1.0,0.8,0.3,0.1,0.2,1.9,1.7
200760,RODNEY CARNEY,2009,00,1610612755,PHI,26.0,68,0,857.0,113,282,0.401,41,135,0.304,52,63,0.825,26,111,137,37,25,20,21,79,319,12.6,1.7,4.1,0.401,0.6,2.0,0.304,0.8,0.9,0.825,0.4,1.6,2.0,0.5,0.4,0.3,0.3,1.2,4.7
201960,DEMARRE CARROLL,2009,00,1610612763,MEM,23.0,71,1,795.0,88,222,0.396,0,6,0.0,33,53,0.623,53,97,150,33,28,9,24,107,209,11.2,1.2,3.1,0.396,0.0,0.1,0.0,0.5,0.7,0.623,0.7,1.4,2.1,0.5,0.4,0.1,0.3,1.5,2.9
2679,MATT CARROLL,2009,00,1610612742,DAL,29.0,25,0,121.0,18,50,0.36,4,19,0.211,6,6,1.0,4,8,12,6,5,0,7,13,46,4.8,0.7,2.0,0.36,0.2,0.8,0.211,0.2,0.2,1.0,0.2,0.3,0.5,0.2,0.2,0.0,0.3,0.5,1.8
1853,ANTHONY CARTER,2009,00,1610612743,DEN,35.0,54,7,859.0,76,181,0.42,17,63,0.27,11,13,0.846,17,72,89,160,39,13,58,72,180,15.9,1.4,3.4,0.42,0.3,1.2,0.27,0.2,0.2,0.846,0.3,1.3,1.6,3.0,0.7,0.2,1.1,1.3,3.3
1713,VINCE CARTER,2009,00,1610612753,ORL,33.0,75,74,2310.0,434,1015,0.428,119,324,0.367,257,306,0.84,33,260,293,236,53,18,106,189,1244,30.8,5.8,13.5,0.428,1.6,4.3,0.367,3.4,4.1,0.84,0.4,3.5,3.9,3.1,0.7,0.2,1.4,2.5,16.6
201956,OMRI CASSPI,2009,00,1610612758,SAC,22.0,77,31,1931.0,300,672,0.446,75,203,0.369,117,174,0.672,75,274,349,95,54,17,98,125,792,25.1,3.9,8.7,0.446,1.0,2.6,0.369,1.5,2.3,0.672,1.0,3.6,4.5,1.2,0.7,0.2,1.3,1.6,10.3
201596,MARIO CHALMERS,2009,00,1610612748,MIA,24.0,73,22,1807.0,182,454,0.401,75,236,0.318,82,110,0.745,25,110,135,246,91,12,123,175,521,24.8,2.5,6.2,0.401,1.0,3.2,0.318,1.1,1.5,0.745,0.3,1.5,1.8,3.4,1.2,0.2,1.7,2.4,7.1
2199,TYSON CHANDLER,2009,00,1610612766,CHA,27.0,51,27,1163.0,109,190,0.574,0,0,0.0,115,157,0.732,114,206,320,16,17,55,91,138,333,22.8,2.1,3.7,0.574,0.0,0.0,0.0,2.3,3.1,0.732,2.2,4.0,6.3,0.3,0.3,1.1,1.8,2.7,6.5
201163,WILSON CHANDLER,2009,00,1610612752,NYK,23.0,65,64,2320.0,412,860,0.479,40,150,0.267,129,160,0.806,93,255,348,138,46,49,108,184,993,35.7,6.3,13.2,0.479,0.6,2.3,0.267,2.0,2.5,0.806,1.4,3.9,5.4,2.1,0.7,0.8,1.7,2.8,15.3
201947,EARL CLARK,2009,00,1610612756,PHX,22.0,51,0,383.0,56,151,0.371,2,5,0.4,26,36,0.722,18,44,62,21,7,13,23,25,140,7.5,1.1,3.0,0.371,0.0,0.1,0.4,0.5,0.7,0.722,0.4,0.9,1.2,0.4,0.1,0.3,0.5,0.5,2.7
2260,JARRON COLLINS,2009,00,1610612756,PHX,31.0,34,10,261.0,12,31,0.387,0,0,0.0,10,25,0.4,22,40,62,6,2,3,10,42,34,7.7,0.4,0.9,0.387,0.0,0.0,0.0,0.3,0.7,0.4,0.6,1.2,1.8,0.2,0.1,0.1,0.3,1.2,1.0
2215,JASON COLLINS,2009,00,1610612737,ATL,31.0,24,0,115.0,8,23,0.348,0,1,0.0,0,2,0.0,5,9,14,4,3,2,5,21,16,4.8,0.3,1.0,0.348,0.0,0.0,0.0,0.0,0.1,0.0,0.2,0.4,0.6,0.2,0.1,0.1,0.2,0.9,0.7
200776,MARDY COLLINS,2009,00,1610612746,LAC,25.0,43,0,470.0,47,128,0.367,4,17,0.235,13,21,0.619,13,37,50,44,23,1,32,45,111,10.9,1.1,3.0,0.367,0.1,0.4,0.235,0.3,0.5,0.619,0.3,0.9,1.2,1.0,0.5,0.0,0.7,1.0,2.6
201954,DARREN COLLISON,2009,00,1610612740,NOH,22.0,76,37,2109.0,376,789,0.477,46,115,0.4,148,174,0.851,41,151,192,432,78,4,202,92,946,27.8,4.9,10.4,0.477,0.6,1.5,0.4,1.9,2.3,0.851,0.5,2.0,2.5,5.7,1.0,0.1,2.7,1.2,12.4
2555,NICK COLLISON,2009,00,1610612760,OKC,29.0,75,5,1557.0,182,309,0.589,1,4,0.25,74,107,0.692,152,232,384,38,37,48,63,230,439,20.8,2.4,4.1,0.589,0.0,0.1,0.25,1.0,1.4,0.692,2.0,3.1,5.1,0.5,0.5,0.6,0.8,3.1,5.9
201144,MIKE CONLEY,2009,00,1610612763,MEM,22.0,80,80,2569.0,369,830,0.445,82,212,0.387,139,187,0.743,30,161,191,425,109,12,170,178,959,32.1,4.6,10.4,0.445,1.0,2.7,0.387,1.7,2.3,0.743,0.4,2.0,2.4,5.3,1.4,0.2,2.1,2.2,12.0
101215,WILL CONROY,2009,00,1610612745,HOU,27.0,5,0,36.0,3,10,0.3,0,3,0.0,0,2,0.0,0,3,3,7,0,0,4,5,6,7.2,0.6,2.0,0.3,0.0,0.6,0.0,0.0,0.4,0.0,0.0,0.6,0.6,1.4,0.0,0.0,0.8,1.0,1.2
2567,BRIAN COOK,2009,00,1610612745,HOU,29.0,15,0,44.0,7,23,0.304,2,9,0.222,5,7,0.714,1,8,9,1,0,2,6,5,21,3.0,0.5,1.5,0.304,0.1,0.6,0.222,0.3,0.5,0.714,0.1,0.5,0.6,0.1,0.0,0.1,0.4,0.3,1.4
201161,DAEQUAN COOK,2009,00,1610612748,MIA,23.0,45,3,691.0,81,253,0.32,40,126,0.317,21,25,0.84,9,73,82,43,14,10,24,50,223,15.4,1.8,5.6,0.32,0.9,2.8,0.317,0.5,0.6,0.84,0.2,1.6,1.8,1.0,0.3,0.2,0.5,1.1,5.0
2037,JAMAL CRAWFORD,2009,00,1610612737,ATL,30.0,79,0,2460.0,496,1105,0.449,163,427,0.382,270,315,0.857,34,167,201,238,61,12,137,132,1425,31.1,6.3,14.0,0.449,2.1,5.4,0.382,3.4,4.0,0.857,0.4,2.1,2.5,3.0,0.8,0.2,1.7,1.7,18.0
201967,DANTE CUNNINGHAM,2009,00,1610612757,POR,23.0,63,2,707.0,106,214,0.495,0,2,0.0,31,48,0.646,54,106,160,14,24,22,15,97,243,11.2,1.7,3.4,0.495,0.0,0.0,0.0,0.5,0.8,0.646,0.9,1.7,2.5,0.2,0.4,0.3,0.2,1.5,3.9
2201,EDDY CURRY,2009,00,1610612752,NYK,27.0,7,0,62.0,8,21,0.381,0,0,0.0,10,17,0.588,4,9,13,0,0,1,13,13,26,8.9,1.1,3.0,0.381,0.0,0.0,0.0,1.4,2.4,0.588,0.6,1.3,1.9,0.0,0.0,0.1,1.9,1.9,3.7
201191,JAMESON CURRY,2009,00,1610612746,LAC,24.0,1,0,0.0,0,0,0.0,0,0,0.0,0,0,0.0,0,0,0,0,0,0,0,0,0,0.1,0.0,0.0,0.0,0.0,0.0,0.0,0.0,0.0,0.0,0.0,0.0,0.0,0.0,0.0,0.0,0.0,0.0,0.0
201939,STEPHEN CURRY,2009,00,1610612744,GSW,22.0,80,77,2896.0,528,1143,0.462,166,380,0.437,177,200,0.885,48,308,356,472,152,19,243,252,1399,36.2,6.6,14.3,0.462,2.1,4.8,0.437,2.2,2.5,0.885,0.6,3.9,4.5,5.9,1.9,0.2,3.0,3.2,17.5
2223,SAMUEL DALEMBERT,2009,00,1610612755,PHI,30.0,82,80,2124.0,285,523,0.545,0,0,0.0,97,133,0.729,239,545,784,64,42,151,123,252,667,25.9,3.5,6.4,0.545,0.0,0.0,0.0,1.2,1.6,0.729,2.9,6.6,9.6,0.8,0.5,1.8,1.5,3.1,8.1
956,ERICK DAMPIER,2009,00,1610612742,DAL,34.0,55,47,1280.0,133,213,0.624,1,3,0.333,61,101,0.604,128,272,400,31,15,77,61,153,328,23.3,2.4,3.9,0.624,0.0,0.1,0.333,1.1,1.8,0.604,2.3,4.9,7.3,0.6,0.3,1.4,1.1,2.8,6.0
2605,MARQUIS DANIELS,2009,00,1610612738,BOS,29.0,51,4,937.0,124,249,0.498,6,28,0.214,34,56,0.607,27,68,95,66,27,6,42,91,288,18.4,2.4,4.9,0.498,0.1,0.5,0.214,0.7,1.1,0.607,0.5,1.3,1.9,1.3,0.5,0.1,0.8,1.8,5.6
1884,BARON DAVIS,2009,00,1610612746,LAC,31.0,75,73,2523.0,412,1015,0.406,82,296,0.277,239,291,0.821,52,214,266,598,126,43,211,210,1145,33.6,5.5,13.5,0.406,1.1,3.9,0.277,3.2,3.9,0.821,0.7,2.9,3.5,8.0,1.7,0.6,2.8,2.8,15.3
201175,GLEN DAVIS,2009,00,1610612738,BOS,24.0,54,1,933.0,122,279,0.437,0,4,0.0,96,138,0.696,101,104,205,35,21,14,53,132,340,17.3,2.3,5.2,0.437,0.0,0.1,0.0,1.8,2.6,0.696,1.9,1.9,3.8,0.6,0.4,0.3,1.0,2.4,6.3
200781,PAUL DAVIS,2009,00,1610612764,WAS,25.0,2,0,8.0,2,4,0.5,0,0,0.0,1,2,0.5,0,0,0,3,0,1,0,0,5,4.0,1.0,2.0,0.5,0.0,0.0,0.0,0.5,1.0,0.5,0.0,0.0,0.0,1.5,0.0,0.5,0.0,0.0,2.5
1729,RICKY DAVIS,2009,00,1610612746,LAC,30.0,36,2,499.0,62,143,0.434,16,42,0.381,18,31,0.581,10,47,57,39,11,3,29,39,158,13.9,1.7,4.0,0.434,0.4,1.2,0.381,0.5,0.9,0.581,0.3,1.3,1.6,1.1,0.3,0.1,0.8,1.1,4.4
201948,AUSTIN DAYE,2009,00,1610612765,DET,22.0,69,4,915.0,137,295,0.464,29,95,0.305,46,56,0.821,34,140,174,34,25,26,48,114,349,13.3,2.0,4.3,0.464,0.4,1.4,0.305,0.7,0.8,0.821,0.5,2.0,2.5,0.5,0.4,0.4,0.7,1.7,5.1
201942,DEMAR DEROZAN,2009,00,1610612761,TOR,20.0,77,65,1664.0,255,512,0.498,4,16,0.25,148,194,0.763,66,157,223,53,43,18,62,176,662,21.6,3.3,6.6,0.498,0.1,0.2,0.25,1.9,2.5,0.763,0.9,2.0,2.9,0.7,0.6,0.2,0.8,2.3,8.6
2568,CARLOS DELFINO,2009,00,1610612749,MIL,27.0,75,66,2279.0,299,732,0.408,134,365,0.367,93,119,0.782,51,343,394,202,80,21,119,138,825,30.4,4.0,9.8,0.408,1.8,4.9,0.367,1.2,1.6,0.782,0.7,4.6,5.3,2.7,1.1,0.3,1.6,1.8,11.0
2736,LUOL DENG,2009,00,1610612741,CHI,25.0,70,69,2651.0,473,1014,0.466,32,83,0.386,252,330,0.764,131,381,512,143,66,61,134,129,1230,37.9,6.8,14.5,0.466,0.5,1.2,0.386,3.6,4.7,0.764,1.9,5.4,7.3,2.0,0.9,0.9,1.9,1.8,17.6
2564,BORIS DIAW,2009,00,1610612766,CHA,28.0,82,82,2906.0,373,773,0.483,66,206,0.32,113,147,0.769,131,293,424,325,60,57,178,219,925,35.4,4.5,9.4,0.483,0.8,2.5,0.32,1.4,1.8,0.769,1.6,3.6,5.2,4.0,0.7,0.7,2.2,2.7,11.3
200821,YAKHOUBA DIAWARA,2009,00,1610612748,MIA,27.0,6,2,44.0,2,10,0.2,1,6,0.167,0,0,0.0,1,3,4,3,1,0,3,8,5,7.4,0.3,1.7,0.2,0.2,1.0,0.167,0.0,0.0,0.0,0.2,0.5,0.7,0.5,0.2,0.0,0.5,1.3,0.8
101143,TRAVIS DIENER,2009,00,1610612754,IND,28.0,4,0,25.0,1,6,0.167,1,5,0.2,0,2,0.0,0,2,2,4,3,0,0,1,3,6.3,0.3,1.5,0.167,0.3,1.3,0.2,0.0,0.5,0.0,0.0,0.5,0.5,1.0,0.8,0.0,0.0,0.3,0.8
2205,DESAGANA DIOP,2009,00,1610612766,CHA,28.0,27,0,262.0,15,29,0.517,0,0,0.0,2,9,0.222,24,41,65,5,5,14,12,31,32,9.7,0.6,1.1,0.517,0.0,0.0,0.0,0.1,0.3,0.222,0.9,1.5,2.4,0.2,0.2,0.5,0.4,1.1,1.2
2039,KEYON DOOLING,2009,00,1610612751,NJN,30.0,53,8,971.0,129,324,0.398,59,157,0.376,47,61,0.77,8,46,54,135,34,0,59,82,364,18.3,2.4,6.1,0.398,1.1,3.0,0.376,0.9,1.2,0.77,0.2,0.9,1.0,2.5,0.6,0.0,1.1,1.5,6.9
201595,JOEY DORSEY,2009,00,1610612745,HOU,26.0,7,0,54.0,5,11,0.455,0,0,0.0,1,2,0.5,11,14,25,2,2,1,4,12,11,7.8,0.7,1.6,0.455,0.0,0.0,0.0,0.1,0.3,0.5,1.6,2.0,3.6,0.3,0.3,0.1,0.6,1.7,1.6
201962,TONEY DOUGLAS,2009,00,1610612752,NYK,24.0,56,12,1087.0,179,391,0.458,68,175,0.389,55,68,0.809,40,68,108,112,42,3,55,116,481,19.4,3.2,7.0,0.458,1.2,3.1,0.389,1.0,1.2,0.809,0.7,1.2,1.9,2.0,0.8,0.1,1.0,2.1,8.6
201604,CHRIS DOUGLAS-ROBERTS,2009,00,1610612751,NJN,23.0,67,38,1730.0,255,573,0.445,14,54,0.259,133,157,0.847,45,153,198,93,55,19,97,101,657,25.8,3.8,8.6,0.445,0.2,0.8,0.259,2.0,2.3,0.847,0.7,2.3,3.0,1.4,0.8,0.3,1.4,1.5,9.8
201609,GORAN DRAGIC,2009,00,1610612756,PHX,24.0,80,2,1442.0,222,491,0.452,74,188,0.394,117,159,0.736,38,133,171,241,48,8,126,131,635,18.0,2.8,6.1,0.452,0.9,2.4,0.394,1.5,2.0,0.736,0.5,1.7,2.1,3.0,0.6,0.1,1.6,1.6,7.9
201162,JARED DUDLEY,2009,00,1610612756,PHX,24.0,82,1,1991.0,225,490,0.459,120,262,0.458,104,138,0.754,99,182,281,115,81,16,68,162,674,24.3,2.7,6.0,0.459,1.5,3.2,0.458,1.3,1.7,0.754,1.2,2.2,3.4,1.4,1.0,0.2,0.8,2.0,8.2
2768,CHRIS DUHON,2009,00,1610612752,NYK,27.0,67,59,2072.0,168,451,0.373,90,258,0.349,68,95,0.716,28,150,178,378,59,3,110,83,494,30.9,2.5,6.7,0.373,1.3,3.9,0.349,1.0,1.4,0.716,0.4,2.2,2.7,5.6,0.9,0.0,1.6,1.2,7.4
1495,TIM DUNCAN,2009,00,1610612759,SAS,34.0,78,77,2438.0,561,1082,0.518,2,11,0.182,271,374,0.725,221,567,788,246,45,117,140,152,1395,31.3,7.2,13.9,0.518,0.0,0.1,0.182,3.5,4.8,0.725,2.8,7.3,10.1,3.2,0.6,1.5,1.8,1.9,17.9
2399,MIKE DUNLEAVY,2009,00,1610612754,IND,29.0,67,15,1486.0,229,558,0.41,75,236,0.318,133,158,0.842,25,211,236,103,38,15,72,105,666,22.2,3.4,8.3,0.41,1.1,3.5,0.318,2.0,2.4,0.842,0.4,3.1,3.5,1.5,0.6,0.2,1.1,1.6,9.9
201142,KEVIN DURANT,2009,00,1610612760,OKC,21.0,82,82,3239.0,794,1668,0.476,128,351,0.365,756,840,0.9,105,518,623,231,112,84,271,171,2472,39.5,9.7,20.3,0.476,1.6,4.3,0.365,9.2,10.2,0.9,1.3,6.3,7.6,2.8,1.4,1.0,3.3,2.1,30.1
201961,WAYNE ELLINGTON,2009,00,1610612750,MIN,22.0,76,1,1384.0,190,448,0.424,64,162,0.395,61,70,0.871,33,126,159,74,20,5,74,72,505,18.2,2.5,5.9,0.424,0.8,2.1,0.395,0.8,0.9,0.871,0.4,1.7,2.1,1.0,0.3,0.1,1.0,0.9,6.6
101145,MONTA ELLIS,2009,00,1610612744,GSW,24.0,64,64,2647.0,631,1406,0.449,77,228,0.338,292,388,0.753,47,210,257,340,143,25,244,189,1631,41.4,9.9,22.0,0.449,1.2,3.6,0.338,4.6,6.1,0.753,0.7,3.3,4.0,5.3,2.2,0.4,3.8,3.0,25.5
1922,FRANCISCO ELSON,2009,00,1610612749,MIL,34.0,11,0,62.0,4,13,0.308,0,0,0.0,2,2,1.0,5,8,13,2,1,0,1,7,10,5.6,0.4,1.2,0.308,0.0,0.0,0.0,0.2,0.2,1.0,0.5,0.7,1.2,0.2,0.1,0.0,0.1,0.6,0.9
2230,MAURICE EVANS,2009,00,1610612737,ATL,31.0,79,5,1317.0,175,393,0.445,57,169,0.337,46,61,0.754,59,95,154,48,34,17,20,125,453,16.7,2.2,5.0,0.445,0.7,2.1,0.337,0.6,0.8,0.754,0.7,1.2,1.9,0.6,0.4,0.2,0.3,1.6,5.7
2501,REGGIE EVANS,2009,00,1610612761,TOR,30.0,28,1,311.0,34,69,0.493,0,0,0.0,27,60,0.45,30,75,105,8,14,4,22,44,95,11.1,1.2,2.5,0.493,0.0,0.0,0.0,1.0,2.1,0.45,1.1,2.7,3.8,0.3,0.5,0.1,0.8,1.6,3.4
201936,TYREKE EVANS,2009,00,1610612758,SAC,20.0,72,72,2677.0,533,1165,0.458,36,141,0.255,348,465,0.748,66,314,380,414,109,26,216,204,1450,37.2,7.4,16.2,0.458,0.5,2.0,0.255,4.8,6.5,0.748,0.9,4.4,5.3,5.8,1.5,0.4,3.0,2.8,20.1
200770,JORDAN FARMAR,2009,00,1610612747,LAL,23.0,82,0,1474.0,224,515,0.435,86,229,0.376,57,85,0.671,14,117,131,127,52,11,72,109,591,18.0,2.7,6.3,0.435,1.0,2.8,0.376,0.7,1.0,0.671,0.2,1.4,1.6,1.5,0.6,0.1,0.9,1.3,7.2
101109,RAYMOND FELTON,2009,00,1610612766,CHA,26.0,80,80,2643.0,388,846,0.459,60,156,0.385,132,173,0.763,53,235,288,446,123,22,168,172,968,33.0,4.9,10.6,0.459,0.8,2.0,0.385,1.7,2.2,0.763,0.7,2.9,3.6,5.6,1.5,0.3,2.1,2.2,12.1
201164,RUDY FERNANDEZ,2009,00,1610612757,POR,25.0,62,2,1441.0,160,423,0.378,98,266,0.368,85,98,0.867,35,129,164,127,62,11,72,87,503,23.2,2.6,6.8,0.378,1.6,4.3,0.368,1.4,1.6,0.867,0.6,2.1,2.6,2.0,1.0,0.2,1.2,1.4,8.1
201178,KYRYLO FESENKO,2009,00,1610612762,UTA,23.0,49,5,408.0,52,95,0.547,0,1,0.0,24,57,0.421,33,57,90,15,6,19,24,78,128,8.3,1.1,1.9,0.547,0.0,0.0,0.0,0.5,1.2,0.421,0.7,1.2,1.8,0.3,0.1,0.4,0.5,1.6,2.6
714,MICHAEL FINLEY,2009,00,1610612759,SAS,37.0,25,6,395.0,37,97,0.381,13,41,0.317,6,9,0.667,5,33,38,19,6,4,13,12,93,15.8,1.5,3.9,0.381,0.5,1.6,0.317,0.2,0.4,0.667,0.2,1.3,1.5,0.8,0.2,0.2,0.5,0.5,3.7
965,DEREK FISHER,2009,00,1610612747,LAL,35.0,82,82,2227.0,212,558,0.38,78,224,0.348,113,132,0.856,25,145,170,201,90,9,78,202,615,27.2,2.6,6.8,0.38,1.0,2.7,0.348,1.4,1.6,0.856,0.3,1.8,2.1,2.5,1.1,0.1,1.0,2.5,7.5
201938,JONNY FLYNN,2009,00,1610612750,MIN,21.0,81,81,2339.0,397,952,0.417,77,215,0.358,223,270,0.826,24,167,191,356,82,2,233,98,1094,28.9,4.9,11.8,0.417,1.0,2.7,0.358,2.8,3.3,0.826,0.3,2.1,2.4,4.4,1.0,0.0,2.9,1.2,13.5
2551,T.J. FORD,2009,00,1610612754,IND,27.0,47,32,1189.0,186,418,0.445,8,50,0.16,104,135,0.77,41,108,149,180,44,11,90,102,484,25.3,4.0,8.9,0.445,0.2,1.1,0.16,2.2,2.9,0.77,0.9,2.3,3.2,3.8,0.9,0.2,1.9,2.2,10.3
1902,JEFF FOSTER,2009,00,1610612754,IND,33.0,16,3,255.0,22,46,0.478,0,1,0.0,5,9,0.556,34,47,81,21,3,4,14,45,49,15.9,1.4,2.9,0.478,0.0,0.1,0.0,0.3,0.6,0.556,2.1,2.9,5.1,1.3,0.2,0.3,0.9,2.8,3.1
200751,RANDY FOYE,2009,00,1610612764,WAS,26.0,70,38,1667.0,256,619,0.414,63,182,0.346,129,145,0.89,16,114,130,228,33,10,94,123,704,23.8,3.7,8.8,0.414,0.9,2.6,0.346,1.8,2.1,0.89,0.2,1.6,1.9,3.3,0.5,0.1,1.3,1.8,10.1
101112,CHANNING FRYE,2009,00,1610612756,PHX,27.0,81,41,2190.0,317,703,0.451,172,392,0.439,98,121,0.81,66,361,427,113,64,74,73,263,904,27.0,3.9,8.7,0.451,2.1,4.8,0.439,1.2,1.5,0.81,0.8,4.5,5.3,1.4,0.8,0.9,0.9,3.2,11.2
2429,DAN GADZURIC,2009,00,1610612749,MIL,32.0,32,6,314.0,39,89,0.438,0,0,0.0,10,25,0.4,38,54,92,12,9,13,15,63,88,9.8,1.2,2.8,0.438,0.0,0.0,0.0,0.3,0.8,0.4,1.2,1.7,2.9,0.4,0.3,0.4,0.5,2.0,2.8
202178,SUNDIATA GAINES,2009,00,1610612762,UTA,24.0,32,0,217.0,38,82,0.463,7,26,0.269,23,46,0.5,6,23,29,39,12,0,14,17,106,6.8,1.2,2.6,0.463,0.2,0.8,0.269,0.7,1.4,0.5,0.2,0.7,0.9,1.2,0.4,0.0,0.4,0.5,3.3
201568,DANILO GALLINARI,2009,00,1610612752,NYK,21.0,81,74,2747.0,392,927,0.423,186,488,0.381,251,307,0.818,65,333,398,135,75,58,110,191,1221,33.9,4.8,11.4,0.423,2.3,6.0,0.381,3.1,3.8,0.818,0.8,4.1,4.9,1.7,0.9,0.7,1.4,2.4,15.1
101128,FRANCISCO GARCIA,2009,00,1610612758,SAC,28.0,25,4,575.0,82,176,0.466,23,59,0.39,15,17,0.882,11,55,66,45,10,19,21,49,202,23.0,3.3,7.0,0.466,0.9,2.4,0.39,0.6,0.7,0.882,0.4,2.2,2.6,1.8,0.4,0.8,0.8,2.0,8.1
708,KEVIN GARNETT,2009,00,1610612738,BOS,34.0,69,69,2060.0,402,772,0.521,1,5,0.2,185,221,0.837,78,428,506,185,68,57,101,170,990,29.9,5.8,11.2,0.521,0.0,0.1,0.2,2.7,3.2,0.837,1.1,6.2,7.3,2.7,1.0,0.8,1.5,2.5,14.3
201188,MARC GASOL,2009,00,1610612763,MEM,25.0,69,69,2469.0,378,651,0.581,0,1,0.0,252,376,0.67,208,432,640,165,69,109,135,254,1008,35.8,5.5,9.4,0.581,0.0,0.0,0.0,3.7,5.4,0.67,3.0,6.3,9.3,2.4,1.0,1.6,2.0,3.7,14.6
2200,PAU GASOL,2009,00,1610612747,LAL,29.0,65,65,2403.0,452,844,0.536,0,5,0.0,286,362,0.79,243,491,734,218,37,113,143,152,1190,37.0,7.0,13.0,0.536,0.0,0.1,0.0,4.4,5.6,0.79,3.7,7.6,11.3,3.4,0.6,1.7,2.2,2.3,18.3
200752,RUDY GAY,2009,00,1610612763,MEM,23.0,80,80,3175.0,600,1288,0.466,66,202,0.327,301,400,0.752,115,357,472,153,118,64,169,201,1567,39.7,7.5,16.1,0.466,0.8,2.5,0.327,3.8,5.0,0.752,1.4,4.5,5.9,1.9,1.5,0.8,2.1,2.5,19.6
202087,ALONZO GEE,2009,00,1610612764,WAS,23.0,11,2,182.0,28,59,0.475,7,9,0.778,18,29,0.621,15,18,33,7,7,1,10,13,81,16.5,2.5,5.4,0.475,0.6,0.8,0.778,1.6,2.6,0.621,1.4,1.6,3.0,0.6,0.6,0.1,0.9,1.2,7.4
1904,DEVEAN GEORGE,2009,00,1610612744,GSW,32.0,45,4,761.0,89,206,0.432,48,123,0.39,16,23,0.696,21,93,114,32,41,10,15,89,242,16.9,2.0,4.6,0.432,1.1,2.7,0.39,0.4,0.5,0.696,0.5,2.1,2.5,0.7,0.9,0.2,0.3,2.0,5.4
200789,DANIEL GIBSON,2009,00,1610612739,CLE,24.0,56,10,1068.0,125,268,0.466,71,149,0.477,34,49,0.694,13,60,73,70,25,7,36,79,355,19.1,2.2,4.8,0.466,1.3,2.7,0.477,0.6,0.9,0.694,0.2,1.1,1.3,1.3,0.4,0.1,0.6,1.4,6.3
201959,TAJ GIBSON,2009,00,1610612741,CHI,25.0,82,70,2204.0,311,629,0.494,0,0,0.0,113,175,0.646,226,385,611,70,50,104,114,282,735,26.9,3.8,7.7,0.494,0.0,0.0,0.0,1.4,2.1,0.646,2.8,4.7,7.5,0.9,0.6,1.3,1.4,3.4,9.0
201592,J.R. GIDDENS,2009,00,1610612738,BOS,25.0,21,1,99.0,9,21,0.429,0,2,0.0,6,12,0.5,4,16,20,6,4,1,7,10,24,4.7,0.4,1.0,0.429,0.0,0.1,0.0,0.3,0.6,0.5,0.2,0.8,1.0,0.3,0.2,0.0,0.3,0.5,1.1
201821,TREY GILDER,2009,00,1610612763,MEM,25.0,2,0,5.0,1,1,1.0,0,0,0.0,0,0,0.0,0,1,1,0,1,0,0,0,2,2.6,0.5,0.5,1.0,0.0,0.0,0.0,0.0,0.0,0.0,0.0,0.5,0.5,0.0,0.5,0.0,0.0,0.0,1.0
1938,MANU GINOBILI,2009,00,1610612759,SAS,32.0,75,21,2150.0,398,903,0.441,132,350,0.377,309,355,0.87,68,216,284,370,103,24,154,154,1237,28.7,5.3,12.0,0.441,1.8,4.7,0.377,4.1,4.7,0.87,0.9,2.9,3.8,4.9,1.4,0.3,2.1,2.1,16.5
101155,RYAN GOMES,2009,00,1610612750,MIN,27.0,76,64,2210.0,327,732,0.447,74,199,0.372,104,126,0.825,76,272,348,124,62,16,95,155,832,29.1,4.3,9.6,0.447,1.0,2.6,0.372,1.4,1.7,0.825,1.0,3.6,4.6,1.6,0.8,0.2,1.3,2.0,10.9
2400,DREW GOODEN,2009,00,1610612742,DAL,28.0,46,11,1030.0,157,336,0.467,1,6,0.167,93,115,0.809,123,193,316,26,26,50,56,129,408,22.4,3.4,7.3,0.467,0.0,0.1,0.167,2.0,2.5,0.809,2.7,4.2,6.9,0.6,0.6,1.1,1.2,2.8,8.9
2732,BEN GORDON,2009,00,1610612765,DET,27.0,62,17,1730.0,291,699,0.416,75,234,0.321,198,230,0.861,26,93,119,166,49,6,118,147,855,27.9,4.7,11.3,0.416,1.2,3.8,0.321,3.2,3.7,0.861,0.4,1.5,1.9,2.7,0.8,0.1,1.9,2.4,13.8
201569,ERIC GORDON,2009,00,1610612746,LAC,21.0,62,60,2229.0,352,784,0.449,119,321,0.371,222,299,0.742,25,135,160,186,69,14,144,96,1045,36.0,5.7,12.6,0.449,1.9,5.2,0.371,3.6,4.8,0.742,0.4,2.2,2.6,3.0,1.1,0.2,2.3,1.5,16.9
101162,MARCIN GORTAT,2009,00,1610612753,ORL,26.0,81,0,1088.0,121,227,0.533,0,3,0.0,51,75,0.68,104,237,341,17,17,70,46,138,293,13.4,1.5,2.8,0.533,0.0,0.0,0.0,0.6,0.9,0.68,1.3,2.9,4.2,0.2,0.2,0.9,0.6,1.7,3.6
101121,JOEY GRAHAM,2009,00,1610612743,DEN,28.0,63,18,759.0,105,202,0.52,2,13,0.154,54,73,0.74,39,84,123,22,23,7,43,104,266,12.0,1.7,3.2,0.52,0.0,0.2,0.154,0.9,1.2,0.74,0.6,1.3,2.0,0.3,0.4,0.1,0.7,1.7,4.2
101211,STEPHEN GRAHAM,2009,00,1610612766,CHA,28.0,70,8,804.0,119,240,0.496,16,50,0.32,42,65,0.646,24,111,135,23,20,10,36,94,296,11.5,1.7,3.4,0.496,0.2,0.7,0.32,0.6,0.9,0.646,0.3,1.6,1.9,0.3,0.3,0.1,0.5,1.3,4.2
101122,DANNY GRANGER,2009,00,1610612754,IND,27.0,62,62,2278.0,488,1139,0.428,158,438,0.361,363,428,0.848,67,275,342,171,94,51,157,183,1497,36.7,7.9,18.4,0.428,2.5,7.1,0.361,5.9,6.9,0.848,1.1,4.4,5.5,2.8,1.5,0.8,2.5,3.0,24.1
201189,AARON GRAY,2009,00,1610612741,CHI,25.0,8,0,50.0,8,21,0.381,0,0,0.0,2,7,0.286,5,11,16,2,0,0,1,10,18,6.2,1.0,2.6,0.381,0.0,0.0,0.0,0.3,0.9,0.286,0.6,1.4,2.0,0.3,0.0,0.0,0.1,1.3,2.3
201980,DANNY GREEN,2009,00,1610612739,CLE,23.0,20,0,115.0,15,39,0.385,6,22,0.273,4,6,0.667,8,9,17,5,6,3,5,9,40,5.7,0.8,2.0,0.385,0.3,1.1,0.273,0.2,0.3,0.667,0.4,0.5,0.9,0.3,0.3,0.2,0.3,0.5,2.0
201145,JEFF GREEN,2009,00,1610612760,OKC,23.0,82,82,3043.0,485,1070,0.453,104,312,0.333,165,223,0.74,112,378,490,134,104,72,135,221,1239,37.1,5.9,13.0,0.453,1.3,3.8,0.333,2.0,2.7,0.74,1.4,4.6,6.0,1.6,1.3,0.9,1.6,2.7,15.1
2584,WILLIE GREEN,2009,00,1610612755,PHI,28.0,73,18,1553.0,248,543,0.457,47,136,0.346,95,114,0.833,20,109,129,152,32,11,67,135,638,21.3,3.4,7.4,0.457,0.6,1.9,0.346,1.3,1.6,0.833,0.3,1.5,1.8,2.1,0.4,0.2,0.9,1.8,8.7
201590,DONTE GREENE,2009,00,1610612758,SAC,22.0,76,50,1630.0,244,553,0.441,69,183,0.377,90,140,0.643,53,181,234,71,41,53,93,150,647,21.5,3.2,7.3,0.441,0.9,2.4,0.377,1.2,1.8,0.643,0.7,2.4,3.1,0.9,0.5,0.7,1.2,2.0,8.5
201981,TAYLOR GRIFFIN,2009,00,1610612756,PHX,24.0,8,0,32.0,4,10,0.4,0,2,0.0,2,4,0.5,0,2,2,1,0,2,1,4,10,4.1,0.5,1.3,0.4,0.0,0.3,0.0,0.3,0.5,0.5,0.0,0.3,0.3,0.1,0.0,0.3,0.1,0.5,1.3
201632,HAMED HADDADI,2009,00,1610612763,MEM,25.0,36,0,240.0,24,62,0.387,0,3,0.0,14,19,0.737,26,49,75,10,1,14,20,57,62,6.7,0.7,1.7,0.387,0.0,0.1,0.0,0.4,0.5,0.737,0.7,1.4,2.1,0.3,0.0,0.4,0.6,1.6,1.7
201612,MALIK HAIRSTON,2009,00,1610612759,SAS,23.0,47,0,317.0,40,76,0.526,2,11,0.182,17,30,0.567,13,36,49,16,4,9,11,29,99,6.7,0.9,1.6,0.526,0.0,0.2,0.182,0.4,0.6,0.567,0.3,0.8,1.0,0.3,0.1,0.2,0.2,0.6,2.1
2409,MARCUS HAISLIP,2009,00,1610612759,SAS,29.0,10,0,44.0,10,21,0.476,3,5,0.6,2,5,0.4,4,6,10,0,0,2,3,5,25,4.4,1.0,2.1,0.476,0.3,0.5,0.6,0.2,0.5,0.4,0.4,0.6,1.0,0.0,0.0,0.2,0.3,0.5,2.5
1888,RICHARD HAMILTON,2009,00,1610612765,DET,32.0,46,46,1552.0,293,717,0.409,41,138,0.297,204,241,0.846,30,92,122,202,30,3,115,115,831,33.7,6.4,15.6,0.409,0.9,3.0,0.297,4.4,5.2,0.846,0.7,2.0,2.7,4.4,0.7,0.1,2.5,2.5,18.1
201946,TYLER HANSBROUGH,2009,00,1610612754,IND,24.0,29,1,511.0,81,225,0.36,0,4,0.0,84,113,0.743,60,78,138,28,17,8,21,70,246,17.6,2.8,7.8,0.36,0.0,0.1,0.0,2.9,3.9,0.743,2.1,2.7,4.8,1.0,0.6,0.3,0.7,2.4,8.5
201935,JAMES HARDEN,2009,00,1610612760,OKC,20.0,76,0,1738.0,233,578,0.403,93,248,0.375,194,240,0.808,47,197,244,137,80,20,106,200,753,22.9,3.1,7.6,0.403,1.2,3.3,0.375,2.6,3.2,0.808,0.6,2.6,3.2,1.8,1.1,0.3,1.4,2.6,9.9
1733,AL HARRINGTON,2009,00,1610612752,NYK,30.0,72,15,2195.0,448,1030,0.435,140,409,0.342,240,317,0.757,88,317,405,110,62,26,132,209,1276,30.5,6.2,14.3,0.435,1.9,5.7,0.342,3.3,4.4,0.757,1.2,4.4,5.6,1.5,0.9,0.4,1.8,2.9,17.7
2734,DEVIN HARRIS,2009,00,1610612751,NJN,27.0,64,61,2221.0,356,884,0.403,60,217,0.276,308,386,0.798,24,179,203,423,79,18,181,178,1080,34.7,5.6,13.8,0.403,0.9,3.4,0.276,4.8,6.0,0.798,0.4,2.8,3.2,6.6,1.2,0.3,2.8,2.8,16.9
200839,MIKE HARRIS,2009,00,1610612764,WAS,27.0,5,0,14.0,1,3,0.333,0,0,0.0,2,2,1.0,1,3,4,0,1,0,0,4,4,2.7,0.2,0.6,0.333,0.0,0.0,0.0,0.4,0.4,1.0,0.2,0.6,0.8,0.0,0.2,0.0,0.0,0.8,0.8
2078,JASON HART,2009,00,1610612750,MIN,32.0,1,0,5.0,0,1,0.0,0,0,0.0,0,0,0.0,0,0,0,1,1,0,0,0,0,5.0,0.0,1.0,0.0,0.0,0.0,0.0,0.0,0.0,0.0,0.0,0.0,0.0,1.0,1.0,0.0,0.0,0.0,0.0
2617,UDONIS HASLEM,2009,00,1610612748,MIA,30.0,78,0,2177.0,312,632,0.494,0,0,0.0,147,193,0.762,167,462,629,52,30,23,75,174,771,27.9,4.0,8.1,0.494,0.0,0.0,0.0,1.9,2.5,0.762,2.1,5.9,8.1,0.7,0.4,0.3,1.0,2.2,9.9
2239,TRENTON HASSELL,2009,00,1610612751,NJN,31.0,52,31,1106.0,90,219,0.411,0,5,0.0,52,69,0.754,56,96,152,50,17,9,47,91,232,21.3,1.7,4.2,0.411,0.0,0.1,0.0,1.0,1.3,0.754,1.1,1.8,2.9,1.0,0.3,0.2,0.9,1.8,4.5
201150,SPENCER HAWES,2009,00,1610612758,SAC,22.0,72,59,1904.0,312,666,0.468,26,87,0.299,73,106,0.689,145,291,436,158,32,83,131,200,723,26.4,4.3,9.3,0.468,0.4,1.2,0.299,1.0,1.5,0.689,2.0,4.0,6.1,2.2,0.4,1.2,1.8,2.8,10.0
101236,CHUCK HAYES,2009,00,1610612745,HOU,27.0,82,82,1773.0,161,329,0.489,0,0,0.0,36,66,0.545,151,314,465,139,73,43,74,219,358,21.6,2.0,4.0,0.489,0.0,0.0,0.0,0.4,0.8,0.545,1.8,3.8,5.7,1.7,0.9,0.5,0.9,2.7,4.4
2553,JARVIS HAYES,2009,00,1610612751,NJN,28.0,45,19,1033.0,138,328,0.421,60,179,0.335,14,18,0.778,9,99,108,40,29,9,28,91,350,22.9,3.1,7.3,0.421,1.3,4.0,0.335,0.3,0.4,0.778,0.2,2.2,2.4,0.9,0.6,0.2,0.6,2.0,7.8
2217,BRENDAN HAYWOOD,2009,00,1610612764,WAS,30.0,49,48,1614.0,188,335,0.561,0,0,0.0,102,158,0.646,200,307,507,18,18,101,67,145,478,32.9,3.8,6.8,0.561,0.0,0.0,0.0,2.1,3.2,0.646,4.1,6.3,10.3,0.4,0.4,2.1,1.4,3.0,9.8
101129,LUTHER HEAD,2009,00,1610612754,IND,27.0,47,10,813.0,136,311,0.437,37,105,0.352,48,58,0.828,6,74,80,72,18,9,54,53,357,17.3,2.9,6.6,0.437,0.8,2.2,0.352,1.0,1.2,0.828,0.1,1.6,1.7,1.5,0.4,0.2,1.1,1.1,7.6
201945,GERALD HENDERSON,2009,00,1610612766,CHA,22.0,43,0,355.0,37,104,0.356,4,19,0.211,35,47,0.745,15,40,55,13,10,9,14,25,113,8.3,0.9,2.4,0.356,0.1,0.4,0.211,0.8,1.1,0.745,0.3,0.9,1.3,0.3,0.2,0.2,0.3,0.6,2.6
201579,ROY HIBBERT,2009,00,1610612754,IND,23.0,81,69,2035.0,387,782,0.495,3,6,0.5,169,224,0.754,177,287,464,158,30,131,145,285,946,25.1,4.8,9.7,0.495,0.0,0.1,0.5,2.1,2.8,0.754,2.2,3.5,5.7,2.0,0.4,1.6,1.8,3.5,11.7
201581,JJ HICKSON,2009,00,1610612739,CLE,21.0,81,73,1691.0,289,522,0.554,0,1,0.0,111,163,0.681,110,290,400,40,36,39,92,132,689,20.9,3.6,6.4,0.554,0.0,0.0,0.0,1.4,2.0,0.681,1.4,3.6,4.9,0.5,0.4,0.5,1.1,1.6,8.5
201588,GEORGE HILL,2009,00,1610612759,SAS,24.0,78,43,2276.0,353,738,0.478,75,188,0.399,183,237,0.772,42,163,205,226,69,26,101,222,964,29.2,4.5,9.5,0.478,1.0,2.4,0.399,2.3,3.0,0.772,0.5,2.1,2.6,2.9,0.9,0.3,1.3,2.8,12.4
255,GRANT HILL,2009,00,1610612756,PHX,37.0,81,81,2430.0,336,703,0.478,35,80,0.438,205,251,0.817,74,371,445,193,60,36,108,165,912,30.0,4.1,8.7,0.478,0.4,1.0,0.438,2.5,3.1,0.817,0.9,4.6,5.5,2.4,0.7,0.4,1.3,2.0,11.3
201941,JORDAN HILL,2009,00,1610612752,NYK,22.0,24,0,252.0,41,92,0.446,0,2,0.0,15,21,0.714,32,29,61,7,10,9,12,37,97,10.5,1.7,3.8,0.446,0.0,0.1,0.0,0.6,0.9,0.714,1.3,1.2,2.5,0.3,0.4,0.4,0.5,1.5,4.0
2550,KIRK HINRICH,2009,00,1610612741,CHI,29.0,74,53,2481.0,308,753,0.409,104,280,0.371,85,113,0.752,24,236,260,330,85,24,113,204,805,33.5,4.2,10.2,0.409,1.4,3.8,0.371,1.1,1.5,0.752,0.3,3.2,3.5,4.5,1.1,0.3,1.5,2.8,10.9
201950,JRUE HOLIDAY,2009,00,1610612755,PHI,20.0,73,51,1767.0,230,520,0.442,62,159,0.39,65,86,0.756,56,135,191,280,79,18,156,153,587,24.2,3.2,7.1,0.442,0.8,2.2,0.39,0.9,1.2,0.756,0.8,1.8,2.6,3.8,1.1,0.2,2.1,2.1,8.0
200797,RYAN HOLLINS,2009,00,1610612750,MIN,25.0,73,27,1223.0,169,303,0.558,0,1,0.0,109,158,0.69,79,128,207,51,19,38,95,199,447,16.8,2.3,4.2,0.558,0.0,0.0,0.0,1.5,2.2,0.69,1.1,1.8,2.8,0.7,0.3,0.5,1.3,2.7,6.1
201143,AL HORFORD,2009,00,1610612737,ATL,24.0,81,81,2845.0,467,847,0.551,1,1,1.0,213,270,0.789,236,563,799,189,59,91,122,225,1148,35.1,5.8,10.5,0.551,0.0,0.0,1.0,2.6,3.3,0.789,2.9,7.0,9.9,2.3,0.7,1.1,1.5,2.8,14.2
2067,EDDIE HOUSE,2009,00,1610612738,BOS,32.0,50,0,846.0,129,322,0.401,64,167,0.383,36,40,0.9,7,62,69,48,28,7,27,61,358,16.9,2.6,6.4,0.401,1.3,3.3,0.383,0.7,0.8,0.9,0.1,1.2,1.4,1.0,0.6,0.1,0.5,1.2,7.2
2730,DWIGHT HOWARD,2009,00,1610612753,ORL,24.0,82,82,2843.0,510,834,0.612,0,7,0.0,483,816,0.592,284,798,1082,144,75,228,274,287,1503,34.7,6.2,10.2,0.612,0.0,0.1,0.0,5.9,10.0,0.592,3.5,9.7,13.2,1.8,0.9,2.8,3.3,3.5,18.3
2572,JOSH HOWARD,2009,00,1610612742,DAL,30.0,31,9,827.0,137,342,0.401,20,75,0.267,94,119,0.79,26,86,112,44,23,9,43,78,388,26.7,4.4,11.0,0.401,0.6,2.4,0.267,3.0,3.8,0.79,0.8,2.8,3.6,1.4,0.7,0.3,1.4,2.5,12.5
436,JUWAN HOWARD,2009,00,1610612757,POR,37.0,73,27,1632.0,191,375,0.509,0,1,0.0,55,70,0.786,108,227,335,61,27,10,72,191,437,22.3,2.6,5.1,0.509,0.0,0.0,0.0,0.8,1.0,0.786,1.5,3.1,4.6,0.8,0.4,0.1,1.0,2.6,6.0
201991,LESTER HUDSON,2009,00,1610612738,BOS,25.0,16,0,70.0,7,18,0.389,3,5,0.6,5,6,0.833,3,5,8,8,3,2,9,7,22,4.4,0.4,1.1,0.389,0.2,0.3,0.6,0.3,0.4,0.833,0.2,0.3,0.5,0.5,0.2,0.1,0.6,0.4,1.4
1716,LARRY HUGHES,2009,00,1610612752,NYK,31.0,31,14,820.0,102,279,0.366,28,97,0.289,65,79,0.823,16,94,110,109,40,11,56,53,297,26.4,3.3,9.0,0.366,0.9,3.1,0.289,2.1,2.5,0.823,0.5,3.0,3.5,3.5,1.3,0.4,1.8,1.7,9.6
2743,KRIS HUMPHRIES,2009,00,1610612742,DAL,25.0,25,0,315.0,53,115,0.461,0,0,0.0,25,44,0.568,38,57,95,7,7,11,13,43,131,12.6,2.1,4.6,0.461,0.0,0.0,0.0,1.0,1.8,0.568,1.5,2.3,3.8,0.3,0.3,0.4,0.5,1.7,5.2
201805,CHRIS HUNTER,2009,00,1610612744,GSW,25.0,60,9,783.0,109,217,0.502,0,4,0.0,52,69,0.754,56,111,167,37,13,35,30,132,270,13.0,1.8,3.6,0.502,0.0,0.1,0.0,0.9,1.2,0.754,0.9,1.9,2.8,0.6,0.2,0.6,0.5,2.2,4.5
283,LINDSEY HUNTER,2009,00,1610612741,CHI,39.0,13,0,122.0,5,30,0.167,1,13,0.077,2,2,1.0,1,13,14,9,1,0,4,12,13,9.4,0.4,2.3,0.167,0.1,1.0,0.077,0.2,0.2,1.0,0.1,1.0,1.1,0.7,0.1,0.0,0.3,0.9,1.0
201629,OTHELLO HUNTER,2009,00,1610612737,ATL,24.0,7,0,33.0,4,12,0.333,0,0,0.0,3,4,0.75,6,6,12,0,0,1,3,5,11,4.7,0.6,1.7,0.333,0.0,0.0,0.0,0.4,0.6,0.75,0.9,0.9,1.7,0.0,0.0,0.1,0.4,0.7,1.6
2212,STEVEN HUNTER,2009,00,1610612763,MEM,28.0,21,0,158.0,17,43,0.395,0,0,0.0,19,36,0.528,18,24,42,0,1,10,9,10,53,7.5,0.8,2.0,0.395,0.0,0.0,0.0,0.9,1.7,0.528,0.9,1.1,2.0,0.0,0.0,0.5,0.4,0.5,2.5
201586,SERGE IBAKA,2009,00,1610612760,OKC,20.0,73,0,1323.0,201,370,0.543,1,2,0.5,58,92,0.63,138,259,397,10,25,97,68,194,461,18.1,2.8,5.1,0.543,0.0,0.0,0.5,0.8,1.3,0.63,1.9,3.5,5.4,0.1,0.3,1.3,0.9,2.7,6.3
2738,ANDRE IGUODALA,2009,00,1610612755,PHI,26.0,82,82,3193.0,496,1120,0.443,94,303,0.31,315,430,0.733,82,447,529,472,141,55,218,145,1401,38.9,6.0,13.7,0.443,1.1,3.7,0.31,3.8,5.2,0.733,1.0,5.5,6.5,5.8,1.7,0.7,2.7,1.8,17.1
980,ZYDRUNAS ILGAUSKAS,2009,00,1610612739,CLE,35.0,64,6,1339.0,194,438,0.443,11,23,0.478,75,101,0.743,114,231,345,48,14,50,63,183,474,20.9,3.0,6.8,0.443,0.2,0.4,0.478,1.2,1.6,0.743,1.8,3.6,5.4,0.8,0.2,0.8,1.0,2.9,7.4
101141,ERSAN ILYASOVA,2009,00,1610612749,MIL,23.0,81,31,1898.0,323,729,0.443,81,241,0.336,113,158,0.715,157,360,517,84,53,23,71,251,840,23.4,4.0,9.0,0.443,1.0,3.0,0.336,1.4,2.0,0.715,1.9,4.4,6.4,1.0,0.7,0.3,0.9,3.1,10.4
947,ALLEN IVERSON,2009,00,1610612763,MEM,35.0,3,0,67.0,15,26,0.577,1,1,1.0,6,12,0.5,1,3,4,11,1,0,7,5,37,22.2,5.0,8.7,0.577,0.3,0.3,1.0,2.0,4.0,0.5,0.3,1.0,1.3,3.7,0.3,0.0,2.3,1.7,12.3
2767,ROYAL IVEY,2009,00,1610612755,PHI,28.0,26,0,236.0,26,55,0.473,12,24,0.5,6,7,0.857,5,21,26,17,10,2,5,25,70,9.1,1.0,2.1,0.473,0.5,0.9,0.5,0.2,0.3,0.857,0.2,0.8,1.0,0.7,0.4,0.1,0.2,1.0,2.7
101127,JARRETT JACK,2009,00,1610612761,TOR,26.0,82,43,2243.0,323,671,0.481,82,199,0.412,203,241,0.842,30,192,222,413,60,6,163,151,931,27.4,3.9,8.2,0.481,1.0,2.4,0.412,2.5,2.9,0.842,0.4,2.3,2.7,5.0,0.7,0.1,2.0,1.8,11.4
202132,CEDRIC JACKSON,2009,00,1610612739,CLE,24.0,5,0,10.0,0,2,0.0,0,1,0.0,1,4,0.25,0,1,1,2,0,0,1,0,1,2.0,0.0,0.4,0.0,0.0,0.2,0.0,0.2,0.8,0.25,0.0,0.2,0.2,0.4,0.0,0.0,0.2,0.0,0.2
201616,DARNELL JACKSON,2009,00,1610612739,CLE,24.0,27,0,114.0,8,25,0.32,1,3,0.333,4,6,0.667,8,12,20,4,2,4,13,19,21,4.2,0.3,0.9,0.32,0.0,0.1,0.333,0.1,0.2,0.667,0.3,0.4,0.7,0.1,0.1,0.1,0.5,0.7,0.8
1536,STEPHEN JACKSON,2009,00,1610612744,GSW,32.0,9,9,300.0,56,133,0.421,11,40,0.275,26,37,0.703,6,29,35,42,14,6,26,16,149,33.3,6.2,14.8,0.421,1.2,4.4,0.275,2.9,4.1,0.703,0.7,3.2,3.9,4.7,1.6,0.7,2.9,1.8,16.6
2544,LEBRON JAMES,2009,00,1610612739,CLE,25.0,76,76,2966.0,768,1528,0.503,129,387,0.333,593,773,0.767,71,483,554,651,125,77,261,119,2258,39.0,10.1,20.1,0.503,1.7,5.1,0.333,7.8,10.2,0.767,0.9,6.4,7.3,8.6,1.6,1.0,3.4,1.6,29.7
2229,MIKE JAMES,2009,00,1610612764,WAS,35.0,4,0,46.0,6,20,0.3,2,6,0.333,4,8,0.5,1,2,3,5,3,0,5,3,18,11.4,1.5,5.0,0.3,0.5,1.5,0.333,1.0,2.0,0.5,0.3,0.5,0.8,1.3,0.8,0.0,1.3,0.8,4.5
1712,ANTAWN JAMISON,2009,00,1610612764,WAS,34.0,41,41,1595.0,315,700,0.45,58,168,0.345,152,217,0.7,99,263,362,52,43,9,61,112,840,38.9,7.7,17.1,0.45,1.4,4.1,0.345,3.7,5.3,0.7,2.4,6.4,8.8,1.3,1.0,0.2,1.5,2.7,20.5
201605,NATHAN JAWAI,2009,00,1610612750,MIN,23.0,39,2,412.0,49,111,0.441,0,1,0.0,26,38,0.684,49,55,104,24,10,9,27,58,124,10.6,1.3,2.8,0.441,0.0,0.0,0.0,0.7,1.0,0.684,1.3,1.4,2.7,0.6,0.3,0.2,0.7,1.5,3.2
201785,OTHYUS JEFFERS,2009,00,1610612762,UTA,24.0,14,0,73.0,12,29,0.414,0,0,0.0,13,19,0.684,8,11,19,1,4,0,6,10,37,5.2,0.9,2.1,0.414,0.0,0.0,0.0,0.9,1.4,0.684,0.6,0.8,1.4,0.1,0.3,0.0,0.4,0.7,2.6
2744,AL JEFFERSON,2009,00,1610612750,MIN,25.0,76,76,2463.0,560,1125,0.498,0,4,0.0,181,266,0.68,180,523,703,137,63,98,136,205,1301,32.4,7.4,14.8,0.498,0.0,0.1,0.0,2.4,3.5,0.68,2.4,6.9,9.3,1.8,0.8,1.3,1.8,2.7,17.1
2210,RICHARD JEFFERSON,2009,00,1610612759,SAS,30.0,81,70,2520.0,362,775,0.467,59,187,0.316,211,287,0.735,58,298,356,158,45,40,105,178,994,31.1,4.5,9.6,0.467,0.7,2.3,0.316,2.6,3.5,0.735,0.7,3.7,4.4,2.0,0.6,0.5,1.3,2.2,12.3
2407,JARED JEFFRIES,2009,00,1610612752,NYK,28.0,52,37,1462.0,102,230,0.443,20,62,0.323,60,93,0.645,99,124,223,83,53,58,62,157,284,28.1,2.0,4.4,0.443,0.4,1.2,0.323,1.2,1.8,0.645,1.9,2.4,4.3,1.6,1.0,1.1,1.2,3.0,5.5
201943,BRANDON JENNINGS,2009,00,1610612749,MIL,20.0,82,82,2671.0,451,1216,0.371,145,388,0.374,223,273,0.817,49,233,282,470,105,18,200,191,1270,32.6,5.5,14.8,0.371,1.8,4.7,0.374,2.7,3.3,0.817,0.6,2.8,3.4,5.7,1.3,0.2,2.4,2.3,15.5
201973,JONAS JEREBKO,2009,00,1610612765,DET,23.0,80,73,2232.0,290,603,0.481,36,115,0.313,125,176,0.71,194,284,478,58,79,29,82,230,741,27.9,3.6,7.5,0.481,0.5,1.4,0.313,1.6,2.2,0.71,2.4,3.6,6.0,0.7,1.0,0.4,1.0,2.9,9.3
101161,AMIR JOHNSON,2009,00,1610612761,TOR,23.0,82,5,1453.0,208,334,0.623,0,4,0.0,95,149,0.638,154,241,395,48,44,66,63,255,511,17.7,2.5,4.1,0.623,0.0,0.0,0.0,1.2,1.8,0.638,1.9,2.9,4.8,0.6,0.5,0.8,0.8,3.1,6.2
1533,ANTHONY JOHNSON,2009,00,1610612753,ORL,35.0,31,0,406.0,49,111,0.441,13,39,0.333,19,20,0.95,8,40,48,63,11,1,26,32,130,13.1,1.6,3.6,0.441,0.4,1.3,0.333,0.6,0.6,0.95,0.3,1.3,1.5,2.0,0.4,0.0,0.8,1.0,4.2
201949,JAMES JOHNSON,2009,00,1610612741,CHI,23.0,65,11,757.0,95,210,0.452,15,46,0.326,51,70,0.729,34,94,128,48,21,43,62,126,256,11.6,1.5,3.2,0.452,0.2,0.7,0.326,0.8,1.1,0.729,0.5,1.4,2.0,0.7,0.3,0.7,1.0,1.9,3.9
2207,JOE JOHNSON,2009,00,1610612737,ATL,29.0,76,76,2886.0,635,1386,0.458,129,350,0.369,220,269,0.818,74,279,353,369,82,5,145,145,1619,38.0,8.4,18.2,0.458,1.7,4.6,0.369,2.9,3.5,0.818,1.0,3.7,4.6,4.9,1.1,0.1,1.9,1.9,21.3
2563,DAHNTAY JONES,2009,00,1610612754,IND,29.0,76,26,1892.0,287,623,0.461,4,32,0.125,198,257,0.77,48,181,229,150,40,39,129,237,776,24.9,3.8,8.2,0.461,0.1,0.4,0.125,2.6,3.4,0.77,0.6,2.4,3.0,2.0,0.5,0.5,1.7,3.1,10.2
101204,DWAYNE JONES,2009,00,1610612756,PHX,27.0,2,0,7.0,0,0,0.0,0,0,0.0,0,0,0.0,0,2,2,0,0,0,0,1,0,3.5,0.0,0.0,0.0,0.0,0.0,0.0,0.0,0.0,0.0,0.0,1.0,1.0,0.0,0.0,0.0,0.0,0.5,0.0
2592,JAMES JONES,2009,00,1610612748,MIA,29.0,36,6,503.0,43,119,0.361,37,90,0.411,23,28,0.821,4,41,45,17,11,4,11,45,146,14.0,1.2,3.3,0.361,1.0,2.5,0.411,0.6,0.8,0.821,0.1,1.1,1.3,0.5,0.3,0.1,0.3,1.3,4.1
200780,SOLOMON JONES,2009,00,1610612754,IND,25.0,52,2,675.0,78,176,0.443,0,3,0.0,51,71,0.718,51,93,144,32,14,37,40,125,207,13.0,1.5,3.4,0.443,0.0,0.1,0.0,1.0,1.4,0.718,1.0,1.8,2.8,0.6,0.3,0.7,0.8,2.4,4.0
201599,DEANDRE JORDAN,2009,00,1610612746,LAC,21.0,70,12,1137.0,144,238,0.605,0,2,0.0,48,128,0.375,122,230,352,21,16,62,75,152,336,16.2,2.1,3.4,0.605,0.0,0.0,0.0,0.7,1.8,0.375,1.7,3.3,5.0,0.3,0.2,0.9,1.1,2.2,4.8
2549,CHRIS KAMAN,2009,00,1610612746,LAC,28.0,76,76,2608.0,589,1202,0.49,0,6,0.0,230,307,0.749,184,520,704,120,37,94,223,213,1408,34.3,7.8,15.8,0.49,0.0,0.1,0.0,3.0,4.0,0.749,2.4,6.8,9.3,1.6,0.5,1.2,2.9,2.8,18.5
2574,JASON KAPONO,2009,00,1610612755,PHI,29.0,57,12,976.0,126,301,0.419,63,171,0.368,9,15,0.6,14,52,66,39,21,6,34,80,324,17.1,2.2,5.3,0.419,1.1,3.0,0.368,0.2,0.3,0.6,0.2,0.9,1.2,0.7,0.4,0.1,0.6,1.4,5.7
201207,COBY KARL,2009,00,1610612739,CLE,27.0,3,0,5.0,0,0,0.0,0,0,0.0,0,0,0.0,0,2,2,0,0,0,4,0,0,1.8,0.0,0.0,0.0,0.0,0.0,0.0,0.0,0.0,0.0,0.0,0.7,0.7,0.0,0.0,0.0,1.3,0.0,0.0
467,JASON KIDD,2009,00,1610612742,DAL,37.0,80,80,2881.0,284,671,0.423,176,414,0.425,80,99,0.808,48,397,445,724,145,35,195,142,824,36.0,3.6,8.4,0.423,2.2,5.2,0.425,1.0,1.2,0.808,0.6,5.0,5.6,9.1,1.8,0.4,2.4,1.8,10.3
1905,ANDREI KIRILENKO,2009,00,1610612762,UTA,29.0,58,35,1681.0,244,482,0.506,26,89,0.292,174,234,0.744,76,188,264,158,83,71,79,102,688,29.0,4.2,8.3,0.506,0.4,1.5,0.292,3.0,4.0,0.744,1.3,3.2,4.6,2.7,1.4,1.2,1.4,1.8,11.9
2594,KYLE KORVER,2009,00,1610612762,UTA,29.0,52,0,952.0,138,280,0.493,59,110,0.536,39,49,0.796,10,101,111,89,26,12,42,76,374,18.3,2.7,5.4,0.493,1.1,2.1,0.536,0.8,0.9,0.796,0.2,1.9,2.1,1.7,0.5,0.2,0.8,1.5,7.2
201585,KOSTA KOUFOS,2009,00,1610612762,UTA,21.0,36,0,172.0,22,47,0.468,0,0,0.0,9,15,0.6,16,29,45,6,2,4,15,26,53,4.8,0.6,1.3,0.468,0.0,0.0,0.0,0.3,0.4,0.6,0.4,0.8,1.3,0.2,0.1,0.1,0.4,0.7,1.5
2420,NENAD KRSTIC,2009,00,1610612760,OKC,26.0,76,76,1741.0,281,560,0.502,1,5,0.2,76,106,0.717,134,249,383,52,32,45,58,177,639,22.9,3.7,7.4,0.502,0.0,0.1,0.2,1.0,1.4,0.717,1.8,3.3,5.0,0.7,0.4,0.6,0.8,2.3,8.4
201802,OLIVER LAFAYETTE,2009,00,1610612738,BOS,26.0,1,0,22.0,3,6,0.5,1,2,0.5,0,0,0.0,1,3,4,2,0,0,1,0,7,21.5,3.0,6.0,0.5,1.0,2.0,0.5,0.0,0.0,0.0,1.0,3.0,4.0,2.0,0.0,0.0,1.0,0.0,7.0
201171,CARL LANDRY,2009,00,1610612745,HOU,26.0,52,1,1415.0,302,552,0.547,0,0,0.0,235,280,0.839,122,164,286,40,28,46,86,146,839,27.2,5.8,10.6,0.547,0.0,0.0,0.0,4.5,5.4,0.839,2.3,3.2,5.5,0.8,0.5,0.9,1.7,2.8,16.1
202068,MARCUS LANDRY,2009,00,1610612752,NYK,24.0,17,0,108.0,16,41,0.39,9,26,0.346,3,5,0.6,5,14,19,0,1,2,6,14,44,6.3,0.9,2.4,0.39,0.5,1.5,0.346,0.2,0.3,0.6,0.3,0.8,1.1,0.0,0.1,0.1,0.4,0.8,2.6
201151,ACIE LAW,2009,00,1610612744,GSW,25.0,5,0,66.0,9,14,0.643,1,3,0.333,12,15,0.8,0,2,2,7,6,0,2,5,31,13.2,1.8,2.8,0.643,0.2,0.6,0.333,2.4,3.0,0.8,0.0,0.4,0.4,1.4,1.2,0.0,0.4,1.0,6.2
201951,TY LAWSON,2009,00,1610612743,DEN,22.0,65,8,1318.0,201,390,0.515,34,83,0.41,106,140,0.757,42,82,124,203,48,2,82,89,542,20.3,3.1,6.0,0.515,0.5,1.3,0.41,1.6,2.2,0.757,0.6,1.3,1.9,3.1,0.7,0.0,1.3,1.4,8.3
201584,COURTNEY LEE,2009,00,1610612751,NJN,24.0,71,66,2375.0,338,775,0.436,76,225,0.338,133,153,0.869,60,192,252,121,93,20,76,130,885,33.5,4.8,10.9,0.436,1.1,3.2,0.338,1.9,2.2,0.869,0.8,2.7,3.5,1.7,1.3,0.3,1.1,1.8,12.5
101135,DAVID LEE,2009,00,1610612752,NYK,27.0,81,81,3019.0,686,1258,0.545,0,8,0.0,268,330,0.812,228,721,949,295,85,40,189,257,1640,37.3,8.5,15.5,0.545,0.0,0.1,0.0,3.3,4.1,0.812,2.8,8.9,11.7,3.6,1.0,0.5,2.3,3.2,20.2
1740,RASHARD LEWIS,2009,00,1610612753,ORL,30.0,72,72,2369.0,350,805,0.435,168,423,0.397,145,180,0.806,62,256,318,107,78,28,108,180,1013,32.9,4.9,11.2,0.435,2.3,5.9,0.397,2.0,2.5,0.806,0.9,3.6,4.4,1.5,1.1,0.4,1.5,2.5,14.1
2733,SHAUN LIVINGSTON,2009,00,1610612760,OKC,24.0,10,0,130.0,5,16,0.313,0,2,0.0,0,0,0.0,4,16,20,14,5,2,8,9,10,13.0,0.5,1.6,0.313,0.0,0.2,0.0,0.0,0.0,0.0,0.4,1.6,2.0,1.4,0.5,0.2,0.8,0.9,1.0
201572,BROOK LOPEZ,2009,00,1610612751,NJN,22.0,82,82,3027.0,563,1129,0.499,0,2,0.0,416,509,0.817,270,439,709,187,55,139,204,251,1542,36.9,6.9,13.8,0.499,0.0,0.0,0.0,5.1,6.2,0.817,3.3,5.4,8.6,2.3,0.7,1.7,2.5,3.1,18.8
201577,ROBIN LOPEZ,2009,00,1610612756,PHX,22.0,51,31,986.0,171,291,0.588,0,0,0.0,88,125,0.704,104,144,248,7,10,53,41,117,430,19.3,3.4,5.7,0.588,0.0,0.0,0.0,1.7,2.5,0.704,2.0,2.8,4.9,0.1,0.2,1.0,0.8,2.3,8.4
201567,KEVIN LOVE,2009,00,1610612750,MIN,21.0,60,22,1714.0,291,646,0.45,35,106,0.33,225,276,0.815,227,431,658,136,43,23,117,136,842,28.6,4.9,10.8,0.45,0.6,1.8,0.33,3.8,4.6,0.815,3.8,7.2,11.0,2.3,0.7,0.4,2.0,2.3,14.0
200768,KYLE LOWRY,2009,00,1610612745,HOU,24.0,68,0,1651.0,184,464,0.397,37,136,0.272,215,260,0.827,91,156,247,305,60,9,116,173,620,24.3,2.7,6.8,0.397,0.5,2.0,0.272,3.2,3.8,0.827,1.3,2.3,3.6,4.5,0.9,0.1,1.7,2.5,9.1
1894,COREY MAGGETTE,2009,00,1610612744,GSW,30.0,70,49,2081.0,457,886,0.516,13,50,0.26,460,551,0.835,92,281,373,172,51,4,168,231,1387,29.7,6.5,12.7,0.516,0.2,0.7,0.26,6.6,7.9,0.835,1.3,4.0,5.3,2.5,0.7,0.1,2.4,3.3,19.8
2048,JAMAAL MAGLOIRE,2009,00,1610612748,MIA,32.0,36,0,359.0,28,56,0.5,0,0,0.0,21,59,0.356,41,80,121,1,9,11,17,59,77,10.0,0.8,1.6,0.5,0.0,0.0,0.0,0.6,1.6,0.356,1.1,2.2,3.4,0.0,0.3,0.3,0.5,1.6,2.1
101133,IAN MAHINMI,2009,00,1610612759,SAS,23.0,26,0,165.0,35,55,0.636,0,0,0.0,31,47,0.66,13,39,52,2,3,8,15,32,101,6.3,1.3,2.1,0.636,0.0,0.0,0.0,1.2,1.8,0.66,0.5,1.5,2.0,0.1,0.1,0.3,0.6,1.2,3.9
1890,SHAWN MARION,2009,00,1610612742,DAL,32.0,75,75,2385.0,395,778,0.508,3,19,0.158,105,139,0.755,158,319,477,107,69,61,99,141,898,31.8,5.3,10.4,0.508,0.0,0.3,0.158,1.4,1.9,0.755,2.1,4.3,6.4,1.4,0.9,0.8,1.3,1.9,12.0
1752,SEAN MARKS,2009,00,1610612740,NOH,34.0,14,0,75.0,4,8,0.5,0,0,0.0,2,5,0.4,14,9,23,2,0,3,2,17,10,5.3,0.3,0.6,0.5,0.0,0.0,0.0,0.1,0.4,0.4,1.0,0.6,1.6,0.1,0.0,0.2,0.1,1.2,0.7
201858,CARTIER MARTIN,2009,00,1610612744,GSW,25.0,10,2,276.0,32,88,0.364,10,31,0.323,16,21,0.762,17,30,47,9,8,0,13,36,90,27.6,3.2,8.8,0.364,1.0,3.1,0.323,1.6,2.1,0.762,1.7,3.0,4.7,0.9,0.8,0.0,1.3,3.6,9.0
2030,KENYON MARTIN,2009,00,1610612743,DEN,32.0,58,58,1986.0,283,620,0.456,8,29,0.276,93,167,0.557,142,404,546,109,72,61,91,186,667,34.2,4.9,10.7,0.456,0.1,0.5,0.276,1.6,2.9,0.557,2.4,7.0,9.4,1.9,1.2,1.1,1.6,3.2,11.5
2755,KEVIN MARTIN,2009,00,1610612758,SAC,27.0,22,21,774.0,135,339,0.398,39,110,0.355,127,155,0.819,20,74,94,57,23,4,35,51,436,35.2,6.1,15.4,0.398,1.8,5.0,0.355,5.8,7.0,0.819,0.9,3.4,4.3,2.6,1.0,0.2,1.6,2.3,19.8
2046,DESMOND MASON,2009,00,1610612758,SAC,32.0,5,4,66.0,5,12,0.417,0,0,0.0,3,4,0.75,4,9,13,2,1,1,4,5,13,13.1,1.0,2.4,0.417,0.0,0.0,0.0,0.6,0.8,0.75,0.8,1.8,2.6,0.4,0.2,0.2,0.8,1.0,2.6
2427,ROGER MASON JR.,2009,00,1610612759,SAS,29.0,79,5,1515.0,193,496,0.389,88,264,0.333,27,34,0.794,11,151,162,137,30,14,59,99,501,19.2,2.4,6.3,0.389,1.1,3.3,0.333,0.3,0.4,0.794,0.1,1.9,2.1,1.7,0.4,0.2,0.7,1.3,6.3
202083,WESLEY MATTHEWS,2009,00,1610612762,UTA,23.0,82,48,2025.0,273,565,0.483,63,165,0.382,160,193,0.829,50,141,191,124,64,15,93,152,769,24.7,3.3,6.9,0.483,0.8,2.0,0.382,2.0,2.4,0.829,0.6,1.7,2.3,1.5,0.8,0.2,1.1,1.9,9.4
101131,JASON MAXIELL,2009,00,1610612765,DET,27.0,76,29,1550.0,212,415,0.511,0,1,0.0,89,155,0.574,161,240,401,39,36,38,68,175,513,20.4,2.8,5.5,0.511,0.0,0.0,0.0,1.2,2.0,0.574,2.1,3.2,5.3,0.5,0.5,0.5,0.9,2.3,6.8
101118,SEAN MAY,2009,00,1610612758,SAC,26.0,37,4,331.0,51,111,0.459,0,4,0.0,21,32,0.656,20,50,70,17,12,7,19,46,123,9.0,1.4,3.0,0.459,0.0,0.1,0.0,0.6,0.9,0.656,0.5,1.4,1.9,0.5,0.3,0.2,0.5,1.2,3.3
201953,ERIC MAYNOR,2009,00,1610612762,UTA,23.0,26,2,363.0,52,133,0.391,5,24,0.208,25,33,0.758,10,28,38,81,13,2,28,33,134,14.0,2.0,5.1,0.391,0.2,0.9,0.208,1.0,1.3,0.758,0.4,1.1,1.5,3.1,0.5,0.1,1.1,1.3,5.2
201564,O.J. MAYO,2009,00,1610612763,MEM,22.0,82,82,3113.0,542,1183,0.458,136,355,0.383,212,262,0.809,61,250,311,242,98,17,176,174,1432,38.0,6.6,14.4,0.458,1.7,4.3,0.383,2.6,3.2,0.809,0.7,3.0,3.8,3.0,1.2,0.2,2.1,2.1,17.5
201601,LUC MBAH A MOUTE,2009,00,1610612749,MIL,23.0,73,62,1866.0,177,369,0.48,6,17,0.353,93,133,0.699,171,229,400,81,60,39,70,181,453,25.6,2.4,5.1,0.48,0.1,0.2,0.353,1.3,1.8,0.699,2.3,3.1,5.5,1.1,0.8,0.5,1.0,2.5,6.2
2788,DJ MBENGA,2009,00,1610612747,LAL,29.0,49,2,355.0,48,103,0.466,0,0,0.0,9,19,0.474,32,55,87,8,5,29,15,54,105,7.2,1.0,2.1,0.466,0.0,0.0,0.0,0.2,0.4,0.474,0.7,1.1,1.8,0.2,0.1,0.6,0.3,1.1,2.1
686,ANTONIO MCDYESS,2009,00,1610612759,SAS,35.0,77,50,1617.0,205,428,0.479,0,2,0.0,36,57,0.632,149,306,455,83,43,32,79,147,446,21.0,2.7,5.6,0.479,0.0,0.0,0.0,0.5,0.7,0.632,1.9,4.0,5.9,1.1,0.6,0.4,1.0,1.9,5.8
201580,JAVALE MCGEE,2009,00,1610612764,WAS,22.0,60,19,968.0,156,307,0.508,0,1,0.0,74,116,0.638,88,155,243,14,16,101,51,122,386,16.1,2.6,5.1,0.508,0.0,0.0,0.0,1.2,1.9,0.638,1.5,2.6,4.1,0.2,0.3,1.7,0.9,2.0,6.4
1503,TRACY MCGRADY,2009,00,1610612745,HOU,31.0,6,0,46.0,7,19,0.368,1,2,0.5,4,6,0.667,0,5,5,6,0,2,1,2,19,7.6,1.2,3.2,0.368,0.2,0.3,0.5,0.7,1.0,0.667,0.0,0.8,0.8,1.0,0.0,0.3,0.2,0.3,3.2
201187,DOMINIC MCGUIRE,2009,00,1610612764,WAS,24.0,41,0,240.0,15,40,0.375,0,0,0.0,0,5,0.0,17,44,61,8,4,3,10,32,30,5.9,0.4,1.0,0.375,0.0,0.0,0.0,0.0,0.1,0.0,0.4,1.1,1.5,0.2,0.1,0.1,0.2,0.8,0.7
201177,JOSH MCROBERTS,2009,00,1610612754,IND,23.0,42,3,524.0,76,146,0.521,8,23,0.348,19,38,0.5,40,87,127,44,17,16,19,74,179,12.5,1.8,3.5,0.521,0.2,0.5,0.348,0.5,0.9,0.5,1.0,2.1,3.0,1.0,0.4,0.4,0.5,1.8,4.3
201975,JODIE MEEKS,2009,00,1610612749,MIL,22.0,41,0,486.0,64,177,0.362,23,82,0.28,18,21,0.857,5,67,72,22,13,4,20,33,169,11.9,1.6,4.3,0.362,0.6,2.0,0.28,0.4,0.5,0.857,0.1,1.6,1.8,0.5,0.3,0.1,0.5,0.8,4.1
200822,POPS MENSAH-BONSU,2009,00,1610612745,HOU,26.0,4,0,13.0,1,4,0.25,0,0,0.0,3,6,0.5,1,3,4,1,1,1,0,3,5,3.2,0.3,1.0,0.25,0.0,0.0,0.0,0.8,1.5,0.5,0.3,0.8,1.0,0.3,0.3,0.3,0.0,0.8,1.3
101139,CJ MILES,2009,00,1610612762,UTA,23.0,63,28,1497.0,241,562,0.429,74,217,0.341,66,95,0.695,42,126,168,105,58,17,81,190,622,23.8,3.8,8.9,0.429,1.2,3.4,0.341,1.0,1.5,0.695,0.7,2.0,2.7,1.7,0.9,0.3,1.3,3.0,9.9
2545,DARKO MILICIC,2009,00,1610612752,NYK,25.0,8,0,71.0,8,17,0.471,0,0,0.0,0,0,0.0,5,13,18,4,4,1,2,7,16,8.9,1.0,2.1,0.471,0.0,0.0,0.0,0.0,0.0,0.0,0.6,1.6,2.3,0.5,0.5,0.1,0.3,0.9,2.0
1889,ANDRE MILLER,2009,00,1610612757,POR,34.0,82,66,2500.0,404,908,0.445,16,80,0.2,322,392,0.821,81,185,266,445,93,9,173,169,1146,30.5,4.9,11.1,0.445,0.2,1.0,0.2,3.9,4.8,0.821,1.0,2.3,3.2,5.4,1.1,0.1,2.1,2.1,14.0
1802,BRAD MILLER,2009,00,1610612741,CHI,34.0,82,37,1950.0,250,581,0.43,37,132,0.28,182,220,0.827,83,316,399,154,44,29,107,189,719,23.8,3.0,7.1,0.43,0.5,1.6,0.28,2.2,2.7,0.827,1.0,3.9,4.9,1.9,0.5,0.4,1.3,2.3,8.8
2034,MIKE MILLER,2009,00,1610612764,WAS,30.0,54,50,1805.0,217,433,0.501,82,171,0.48,70,85,0.824,55,281,336,212,39,12,115,131,586,33.4,4.0,8.0,0.501,1.5,3.2,0.48,1.3,1.6,0.824,1.0,5.2,6.2,3.9,0.7,0.2,2.1,2.4,10.9
201988,PATTY MILLS,2009,00,1610612757,POR,21.0,10,0,38.0,10,24,0.417,2,4,0.5,4,7,0.571,1,1,2,5,0,0,4,6,26,3.8,1.0,2.4,0.417,0.2,0.4,0.5,0.4,0.7,0.571,0.1,0.1,0.2,0.5,0.0,0.0,0.4,0.6,2.6
200794,PAUL MILLSAP,2009,00,1610612762,UTA,25.0,82,8,2277.0,385,716,0.538,1,9,0.111,183,264,0.693,186,373,559,131,64,99,116,285,954,27.8,4.7,8.7,0.538,0.0,0.1,0.111,2.2,3.2,0.693,2.3,4.5,6.8,1.6,0.8,1.2,1.4,3.5,11.6
1737,NAZR MOHAMMED,2009,00,1610612766,CHA,32.0,58,29,984.0,189,342,0.553,0,0,0.0,81,125,0.648,114,190,304,28,15,43,53,105,459,17.0,3.3,5.9,0.553,0.0,0.0,0.0,1.4,2.2,0.648,2.0,3.3,5.2,0.5,0.3,0.7,0.9,1.8,7.9
200081,JAMARIO MOON,2009,00,1610612739,CLE,30.0,61,2,1052.0,114,247,0.462,32,100,0.32,36,45,0.8,26,165,191,49,34,30,23,69,296,17.2,1.9,4.0,0.462,0.5,1.6,0.32,0.6,0.7,0.8,0.4,2.7,3.1,0.8,0.6,0.5,0.4,1.1,4.9
1630,MIKKI MOORE,2009,00,1610612744,GSW,34.0,23,20,406.0,54,90,0.6,0,0,0.0,7,11,0.636,26,43,69,36,5,13,21,60,115,17.6,2.3,3.9,0.6,0.0,0.0,0.0,0.3,0.5,0.636,1.1,1.9,3.0,1.6,0.2,0.6,0.9,2.6,5.0
201043,RANDOLPH MORRIS,2009,00,1610612737,ATL,24.0,28,0,124.0,23,41,0.561,0,0,0.0,16,27,0.593,10,28,38,2,5,3,12,34,62,4.4,0.8,1.5,0.561,0.0,0.0,0.0,0.6,1.0,0.593,0.4,1.0,1.4,0.1,0.2,0.1,0.4,1.2,2.2
200747,ADAM MORRISON,2009,00,1610612747,LAL,25.0,31,0,241.0,32,85,0.376,5,21,0.238,5,8,0.625,10,22,32,18,3,2,10,17,74,7.8,1.0,2.7,0.376,0.2,0.7,0.238,0.2,0.3,0.625,0.3,0.7,1.0,0.6,0.1,0.1,0.3,0.5,2.4
201627,ANTHONY MORROW,2009,00,1610612744,GSW,24.0,69,37,2018.0,329,703,0.468,140,307,0.456,101,114,0.886,61,198,259,104,65,16,84,158,899,29.2,4.8,10.2,0.468,2.0,4.4,0.456,1.5,1.7,0.886,0.9,2.9,3.8,1.5,0.9,0.2,1.2,2.3,13.0
201957,BYRON MULLENS,2009,00,1610612760,OKC,21.0,13,0,54.0,7,19,0.368,0,0,0.0,0,0,0.0,3,7,10,1,2,0,4,13,14,4.2,0.5,1.5,0.368,0.0,0.0,0.0,0.0,0.0,0.0,0.2,0.5,0.8,0.1,0.2,0.0,0.3,1.0,1.1
2211,TROY MURPHY,2009,00,1610612754,IND,30.0,72,69,2344.0,384,813,0.472,128,333,0.384,154,193,0.798,129,608,737,150,72,34,100,175,1050,32.6,5.3,11.3,0.472,1.8,4.6,0.384,2.1,2.7,0.798,1.8,8.4,10.2,2.1,1.0,0.5,1.4,2.4,14.6
2436,FLIP MURRAY,2009,00,1610612766,CHA,30.0,46,1,993.0,160,411,0.389,41,131,0.313,93,131,0.71,15,83,98,84,28,12,65,77,454,21.6,3.5,8.9,0.389,0.9,2.8,0.313,2.0,2.8,0.71,0.3,1.8,2.1,1.8,0.6,0.3,1.4,1.7,9.9
2059,EDUARDO NAJERA,2009,00,1610612751,NJN,33.0,13,2,204.0,20,53,0.377,3,17,0.176,6,12,0.5,12,26,38,15,9,2,12,33,49,15.7,1.5,4.1,0.377,0.2,1.3,0.176,0.5,0.9,0.5,0.9,2.0,2.9,1.2,0.7,0.2,0.9,2.5,3.8
959,STEVE NASH,2009,00,1610612756,PHX,36.0,81,81,2660.0,499,985,0.507,124,291,0.426,211,225,0.938,34,234,268,892,42,12,295,108,1333,32.8,6.2,12.2,0.507,1.5,3.6,0.426,2.6,2.8,0.938,0.4,2.9,3.3,11.0,0.5,0.1,3.6,1.3,16.5
2749,JAMEER NELSON,2009,00,1610612753,ORL,28.0,65,64,1860.0,317,706,0.449,86,226,0.381,98,116,0.845,26,168,194,353,48,2,139,147,818,28.6,4.9,10.9,0.449,1.3,3.5,0.381,1.5,1.8,0.845,0.4,2.6,3.0,5.4,0.7,0.0,2.1,2.3,12.6
2403,NENE,2009,00,1610612743,DEN,27.0,82,82,2755.0,421,717,0.587,0,2,0.0,293,416,0.704,166,461,627,203,115,82,125,281,1135,33.6,5.1,8.7,0.587,0.0,0.0,0.0,3.6,5.1,0.704,2.0,5.6,7.6,2.5,1.4,1.0,1.5,3.4,13.8
1725,RASHO NESTEROVIC,2009,00,1610612761,TOR,34.0,42,8,413.0,81,149,0.544,0,0,0.0,1,5,0.2,37,52,89,25,10,17,16,54,163,9.8,1.9,3.5,0.544,0.0,0.0,0.0,0.0,0.1,0.2,0.9,1.2,2.1,0.6,0.2,0.4,0.4,1.3,3.9
201149,JOAKIM NOAH,2009,00,1610612741,CHI,25.0,64,54,1925.0,262,520,0.504,0,0,0.0,163,219,0.744,220,484,704,132,32,100,117,198,687,30.1,4.1,8.1,0.504,0.0,0.0,0.0,2.5,3.4,0.744,3.4,7.6,11.0,2.1,0.5,1.6,1.8,3.1,10.7
2804,ANDRES NOCIONI,2009,00,1610612758,SAC,30.0,75,28,1477.0,234,587,0.399,96,249,0.386,71,99,0.717,32,190,222,75,32,26,67,160,635,19.7,3.1,7.8,0.399,1.3,3.3,0.386,0.9,1.3,0.717,0.4,2.5,3.0,1.0,0.4,0.3,0.9,2.1,8.5
200779,STEVE NOVAK,2009,00,1610612746,LAC,27.0,54,0,362.0,42,108,0.389,22,71,0.31,7,9,0.778,1,32,33,6,7,2,2,21,113,6.7,0.8,2.0,0.389,0.4,1.3,0.31,0.1,0.2,0.778,0.0,0.6,0.6,0.1,0.1,0.0,0.0,0.4,2.1
1717,DIRK NOWITZKI,2009,00,1610612742,DAL,32.0,81,80,3039.0,720,1496,0.481,51,121,0.421,536,586,0.915,80,540,620,218,70,79,149,208,2027,37.5,8.9,18.5,0.481,0.6,1.5,0.421,6.6,7.2,0.915,1.0,6.7,7.7,2.7,0.9,1.0,1.8,2.6,25.0
200753,PATRICK O'BRYANT,2009,00,1610612761,TOR,24.0,11,0,51.0,8,15,0.533,0,1,0.0,3,6,0.5,2,9,11,1,2,4,5,12,19,4.6,0.7,1.4,0.533,0.0,0.1,0.0,0.3,0.5,0.5,0.2,0.8,1.0,0.1,0.2,0.4,0.5,1.1,1.7
979,JERMAINE O'NEAL,2009,00,1610612748,MIA,31.0,70,70,1991.0,394,745,0.529,0,2,0.0,162,225,0.72,124,362,486,92,25,95,125,212,950,28.4,5.6,10.6,0.529,0.0,0.0,0.0,2.3,3.2,0.72,1.8,5.2,6.9,1.3,0.4,1.4,1.8,3.0,13.6
406,SHAQUILLE O'NEAL,2009,00,1610612739,CLE,38.0,53,53,1240.0,262,463,0.566,0,1,0.0,112,226,0.496,93,262,355,80,15,62,105,169,636,23.4,4.9,8.7,0.566,0.0,0.0,0.0,2.1,4.3,0.496,1.8,4.9,6.7,1.5,0.3,1.2,2.0,3.2,12.0
101177,FABRICIO OBERTO,2009,00,1610612764,WAS,35.0,57,20,650.0,35,56,0.625,0,0,0.0,13,17,0.765,34,71,105,51,11,9,36,121,83,11.4,0.6,1.0,0.625,0.0,0.0,0.0,0.2,0.3,0.765,0.6,1.2,1.8,0.9,0.2,0.2,0.6,2.1,1.5
201141,GREG ODEN,2009,00,1610612757,POR,22.0,21,21,502.0,92,152,0.605,0,0,0.0,49,64,0.766,64,114,178,19,8,48,39,84,233,23.9,4.4,7.2,0.605,0.0,0.0,0.0,2.3,3.0,0.766,3.0,5.4,8.5,0.9,0.4,2.3,1.9,4.0,11.1
1885,LAMAR ODOM,2009,00,1610612747,LAL,30.0,82,38,2585.0,342,739,0.463,58,182,0.319,140,202,0.693,184,618,802,267,75,59,150,227,882,31.5,4.2,9.0,0.463,0.7,2.2,0.319,1.7,2.5,0.693,2.2,7.5,9.8,3.3,0.9,0.7,1.8,2.8,10.8
2731,EMEKA OKAFOR,2009,00,1610612740,NOH,27.0,82,82,2370.0,348,656,0.53,0,0,0.0,154,274,0.562,251,491,742,55,54,127,111,218,850,28.9,4.2,8.0,0.53,0.0,0.0,0.0,1.9,3.3,0.562,3.1,6.0,9.0,0.7,0.7,1.5,1.4,2.7,10.4
2246,MEHMET OKUR,2009,00,1610612762,UTA,31.0,73,73,2149.0,355,775,0.458,82,213,0.385,196,239,0.82,132,383,515,119,38,81,127,223,988,29.4,4.9,10.6,0.458,1.1,2.9,0.385,2.7,3.3,0.82,1.8,5.2,7.1,1.6,0.5,1.1,1.7,3.1,13.5
1563,KEVIN OLLIE,2009,00,1610612760,OKC,37.0,25,0,263.0,18,45,0.4,0,1,0.0,8,8,1.0,3,22,25,20,9,0,6,16,44,10.5,0.7,1.8,0.4,0.0,0.0,0.0,0.3,0.3,1.0,0.1,0.9,1.0,0.8,0.4,0.0,0.2,0.6,1.8
2566,TRAVIS OUTLAW,2009,00,1610612757,POR,25.0,11,0,231.0,38,101,0.376,12,31,0.387,21,24,0.875,13,25,38,8,7,8,12,13,109,21.0,3.5,9.2,0.376,1.1,2.8,0.387,1.9,2.2,0.875,1.2,2.3,3.5,0.7,0.6,0.7,1.1,1.2,9.9
2585,ZAZA PACHULIA,2009,00,1610612737,ATL,26.0,78,1,1089.0,120,246,0.488,0,4,0.0,93,143,0.65,117,176,293,42,37,31,58,186,333,14.0,1.5,3.2,0.488,0.0,0.1,0.0,1.2,1.8,0.65,1.5,2.3,3.8,0.5,0.5,0.4,0.7,2.4,4.3
2457,JANNERO PARGO,2009,00,1610612741,CHI,30.0,63,5,829.0,132,381,0.346,38,138,0.275,42,45,0.933,9,69,78,89,29,2,50,68,344,13.2,2.1,6.0,0.346,0.6,2.2,0.275,0.7,0.7,0.933,0.1,1.1,1.2,1.4,0.5,0.0,0.8,1.1,5.5
1515,ANTHONY PARKER,2009,00,1610612739,CLE,35.0,81,81,2289.0,206,475,0.434,108,261,0.414,75,95,0.789,30,201,231,157,63,18,71,151,595,28.3,2.5,5.9,0.434,1.3,3.2,0.414,0.9,1.2,0.789,0.4,2.5,2.9,1.9,0.8,0.2,0.9,1.9,7.3
2225,TONY PARKER,2009,00,1610612759,SAS,28.0,56,50,1728.0,349,716,0.487,10,34,0.294,186,246,0.756,7,128,135,317,29,8,149,96,894,30.9,6.2,12.8,0.487,0.2,0.6,0.294,3.3,4.4,0.756,0.1,2.3,2.4,5.7,0.5,0.1,2.7,1.7,16.0
101108,CHRIS PAUL,2009,00,1610612740,NOH,25.0,45,45,1712.0,314,637,0.493,52,127,0.409,161,190,0.847,20,171,191,480,96,8,112,118,841,38.1,7.0,14.2,0.493,1.2,2.8,0.409,3.6,4.2,0.847,0.4,3.8,4.2,10.7,2.1,0.2,2.5,2.6,18.7
2562,SASHA PAVLOVIC,2009,00,1610612750,MIN,26.0,71,0,877.0,109,300,0.363,35,118,0.297,10,26,0.385,12,105,117,58,23,6,53,84,263,12.3,1.5,4.2,0.363,0.5,1.7,0.297,0.1,0.4,0.385,0.2,1.5,1.6,0.8,0.3,0.1,0.7,1.2,3.7
200762,OLEKSIY PECHEROV,2009,00,1610612750,MIN,24.0,44,5,447.0,77,188,0.41,14,52,0.269,29,32,0.906,32,92,124,11,9,14,32,55,197,10.2,1.8,4.3,0.41,0.3,1.2,0.269,0.7,0.7,0.906,0.7,2.1,2.8,0.3,0.2,0.3,0.7,1.3,4.5
2570,KENDRICK PERKINS,2009,00,1610612738,BOS,25.0,78,78,2154.0,314,522,0.602,0,3,0.0,163,280,0.582,155,440,595,80,26,132,165,219,791,27.6,4.0,6.7,0.602,0.0,0.0,0.0,2.1,3.6,0.582,2.0,5.6,7.6,1.0,0.3,1.7,2.1,2.8,10.1
2050,MORRIS PETERSON,2009,00,1610612740,NOH,32.0,46,39,973.0,116,301,0.385,62,171,0.363,33,54,0.611,17,109,126,41,25,5,27,81,327,21.1,2.5,6.5,0.385,1.3,3.7,0.363,0.7,1.2,0.611,0.4,2.4,2.7,0.9,0.5,0.1,0.6,1.8,7.1
101130,JOHAN PETRO,2009,00,1610612743,DEN,24.0,36,16,436.0,54,101,0.535,0,1,0.0,14,21,0.667,32,97,129,14,10,13,23,80,122,12.1,1.5,2.8,0.535,0.0,0.0,0.0,0.4,0.6,0.667,0.9,2.7,3.6,0.4,0.3,0.4,0.6,2.2,3.4
1718,PAUL PIERCE,2009,00,1610612738,BOS,32.0,71,71,2411.0,409,867,0.472,109,263,0.414,369,433,0.852,39,271,310,218,84,31,166,196,1296,34.0,5.8,12.2,0.472,1.5,3.7,0.414,5.2,6.1,0.852,0.5,3.8,4.4,3.1,1.2,0.4,2.3,2.8,18.3
2554,MICKAEL PIETRUS,2009,00,1610612753,ORL,28.0,75,24,1687.0,233,539,0.432,116,306,0.379,69,109,0.633,39,176,215,49,53,31,69,138,651,22.5,3.1,7.2,0.432,1.5,4.1,0.379,0.9,1.5,0.633,0.5,2.3,2.9,0.7,0.7,0.4,0.9,1.8,8.7
1899,JAMES POSEY,2009,00,1610612740,NOH,33.0,77,2,1731.0,126,345,0.365,81,242,0.335,66,80,0.825,32,297,329,117,42,19,51,204,399,22.5,1.6,4.5,0.365,1.1,3.1,0.335,0.9,1.0,0.825,0.4,3.9,4.3,1.5,0.5,0.2,0.7,2.6,5.2
200796,LEON POWE,2009,00,1610612739,CLE,26.0,20,2,236.0,21,49,0.429,0,0,0.0,37,63,0.587,19,42,61,0,6,2,11,36,79,11.8,1.1,2.5,0.429,0.0,0.0,0.0,1.9,3.2,0.587,1.0,2.1,3.1,0.0,0.3,0.1,0.6,1.8,4.0
2694,JOSH POWELL,2009,00,1610612747,LAL,27.0,63,0,581.0,71,194,0.366,7,16,0.438,20,31,0.645,44,72,116,35,9,6,33,71,169,9.2,1.1,3.1,0.366,0.1,0.3,0.438,0.3,0.5,0.645,0.7,1.1,1.8,0.6,0.1,0.1,0.5,1.1,2.7
201985,AJ PRICE,2009,00,1610612754,IND,23.0,56,2,865.0,145,354,0.41,60,174,0.345,60,75,0.8,12,76,88,106,35,3,59,53,410,15.5,2.6,6.3,0.41,1.1,3.1,0.345,1.1,1.3,0.8,0.2,1.4,1.6,1.9,0.6,0.1,1.1,0.9,7.3
101179,RONNIE PRICE,2009,00,1610612762,UTA,27.0,60,4,806.0,98,242,0.405,18,63,0.286,41,59,0.695,28,46,74,123,40,13,56,109,255,13.4,1.6,4.0,0.405,0.3,1.1,0.286,0.7,1.0,0.695,0.5,0.8,1.2,2.1,0.7,0.2,0.9,1.8,4.3
2419,TAYSHAUN PRINCE,2009,00,1610612765,DET,30.0,49,49,1664.0,282,580,0.486,27,73,0.37,70,98,0.714,71,177,248,161,34,22,60,77,661,34.0,5.8,11.8,0.486,0.6,1.5,0.37,1.4,2.0,0.714,1.4,3.6,5.1,3.3,0.7,0.4,1.2,1.6,13.5
2038,JOEL PRZYBILLA,2009,00,1610612757,POR,30.0,30,9,681.0,45,86,0.523,0,0,0.0,33,51,0.647,72,166,238,8,8,43,39,95,123,22.7,1.5,2.9,0.523,0.0,0.0,0.0,1.1,1.7,0.647,2.4,5.5,7.9,0.3,0.3,1.4,1.3,3.2,4.1
200809,CHRIS QUINN,2009,00,1610612751,NJN,26.0,25,0,223.0,20,56,0.357,10,32,0.313,6,6,1.0,1,15,16,29,9,1,10,15,56,8.9,0.8,2.2,0.357,0.4,1.3,0.313,0.2,0.2,1.0,0.0,0.6,0.6,1.2,0.4,0.0,0.4,0.6,2.2
2209,VLADIMIR RADMANOVIC,2009,00,1610612766,CHA,29.0,8,0,133.0,14,42,0.333,7,22,0.318,4,6,0.667,8,21,29,7,3,1,5,18,39,16.6,1.8,5.3,0.333,0.9,2.8,0.318,0.5,0.8,0.667,1.0,2.6,3.6,0.9,0.4,0.1,0.6,2.3,4.9
201576,ANTHONY RANDOLPH,2009,00,1610612744,GSW,20.0,33,8,749.0,137,309,0.443,1,5,0.2,109,136,0.801,73,142,215,42,28,51,49,92,384,22.7,4.2,9.4,0.443,0.0,0.2,0.2,3.3,4.1,0.801,2.2,4.3,6.5,1.3,0.8,1.5,1.5,2.8,11.6
101183,SHAVLIK RANDOLPH,2009,00,1610612757,POR,26.0,3,0,6.0,1,3,0.333,0,0,0.0,2,2,1.0,0,1,1,1,0,0,1,0,4,2.1,0.3,1.0,0.333,0.0,0.0,0.0,0.7,0.7,1.0,0.0,0.3,0.3,0.3,0.0,0.0,0.3,0.0,1.3
2216,ZACH RANDOLPH,2009,00,1610612763,MEM,28.0,81,81,3051.0,652,1336,0.488,15,52,0.288,362,465,0.778,330,620,950,149,80,34,174,226,1681,37.7,8.0,16.5,0.488,0.2,0.6,0.288,4.5,5.7,0.778,4.1,7.7,11.7,1.8,1.0,0.4,2.1,2.8,20.8
689,THEO RATLIFF,2009,00,1610612759,SAS,37.0,21,3,183.0,16,36,0.444,0,0,0.0,2,4,0.5,15,25,40,9,3,18,16,27,34,8.7,0.8,1.7,0.444,0.0,0.0,0.0,0.1,0.2,0.5,0.7,1.2,1.9,0.4,0.1,0.9,0.8,1.3,1.6
2072,MICHAEL REDD,2009,00,1610612749,MIL,30.0,18,12,492.0,75,213,0.352,18,60,0.3,47,66,0.712,11,43,54,39,19,2,15,24,215,27.3,4.2,11.8,0.352,1.0,3.3,0.3,2.6,3.7,0.712,0.6,2.4,3.0,2.2,1.1,0.1,0.8,1.3,11.9
200755,JJ REDICK,2009,00,1610612753,ORL,26.0,82,9,1808.0,243,553,0.439,111,274,0.405,191,222,0.86,17,138,155,158,28,4,63,118,788,22.1,3.0,6.7,0.439,1.4,3.3,0.405,2.3,2.7,0.86,0.2,1.7,1.9,1.9,0.3,0.0,0.8,1.4,9.6
201181,CHRIS RICHARD,2009,00,1610612741,CHI,25.0,18,0,224.0,15,29,0.517,0,0,0.0,7,11,0.636,19,40,59,7,8,4,14,50,37,12.4,0.8,1.6,0.517,0.0,0.0,0.0,0.4,0.6,0.636,1.1,2.2,3.3,0.4,0.4,0.2,0.8,2.8,2.1
2202,JASON RICHARDSON,2009,00,1610612756,PHX,29.0,79,76,2485.0,473,998,0.474,157,400,0.393,136,184,0.739,81,323,404,143,66,33,92,169,1239,31.5,6.0,12.6,0.474,2.0,5.1,0.393,1.7,2.3,0.739,1.0,4.1,5.1,1.8,0.8,0.4,1.2,2.1,15.7
2047,QUENTIN RICHARDSON,2009,00,1610612748,MIA,30.0,76,75,2082.0,242,561,0.431,142,358,0.397,52,71,0.732,64,310,374,93,70,18,62,169,678,27.4,3.2,7.4,0.431,1.9,4.7,0.397,0.7,0.9,0.732,0.8,4.1,4.9,1.2,0.9,0.2,0.8,2.2,8.9
2557,LUKE RIDNOUR,2009,00,1610612749,MIL,29.0,82,0,1759.0,328,686,0.478,69,181,0.381,127,140,0.907,24,119,143,324,54,7,106,182,852,21.4,4.0,8.4,0.478,0.8,2.2,0.381,1.5,1.7,0.907,0.3,1.5,1.7,4.0,0.7,0.1,1.3,2.2,10.4
101126,NATE ROBINSON,2009,00,1610612752,NYK,26.0,30,2,733.0,152,336,0.452,51,136,0.375,42,54,0.778,23,49,72,112,27,5,53,66,397,24.4,5.1,11.2,0.452,1.7,4.5,0.375,1.4,1.8,0.778,0.8,1.6,2.4,3.7,0.9,0.2,1.8,2.2,13.2
200771,SERGIO RODRIGUEZ,2009,00,1610612758,SAC,24.0,39,0,517.0,88,190,0.463,15,42,0.357,43,62,0.694,15,35,50,121,29,3,59,46,234,13.3,2.3,4.9,0.463,0.4,1.1,0.357,1.1,1.6,0.694,0.4,0.9,1.3,3.1,0.7,0.1,1.5,1.2,6.0
200765,RAJON RONDO,2009,00,1610612738,BOS,24.0,81,81,2963.0,459,904,0.508,17,80,0.212,175,282,0.621,100,260,360,794,189,11,246,198,1110,36.6,5.7,11.2,0.508,0.2,1.0,0.212,2.2,3.5,0.621,1.2,3.2,4.4,9.8,2.3,0.1,3.0,2.4,13.7
201565,DERRICK ROSE,2009,00,1610612741,CHI,21.0,78,78,2871.0,672,1373,0.489,16,60,0.267,259,338,0.766,65,228,293,469,57,27,217,96,1619,36.8,8.6,17.6,0.489,0.2,0.8,0.267,3.3,4.3,0.766,0.8,2.9,3.8,6.0,0.7,0.3,2.8,1.2,20.8
2624,QUINTON ROSS,2009,00,1610612742,DAL,29.0,27,7,301.0,23,56,0.411,3,13,0.231,5,8,0.625,11,16,27,7,7,4,3,34,54,11.2,0.9,2.1,0.411,0.1,0.5,0.231,0.2,0.3,0.625,0.4,0.6,1.0,0.3,0.3,0.1,0.1,1.3,2.0
200750,BRANDON ROY,2009,00,1610612757,POR,25.0,65,65,2419.0,491,1038,0.473,73,221,0.33,343,440,0.78,73,212,285,305,61,16,129,136,1398,37.2,7.6,16.0,0.473,1.1,3.4,0.33,5.3,6.8,0.78,1.1,3.3,4.4,4.7,0.9,0.2,2.0,2.1,21.5
201575,BRANDON RUSH,2009,00,1610612754,IND,24.0,82,64,2491.0,297,702,0.423,124,302,0.411,56,89,0.629,41,305,346,112,56,65,93,159,774,30.4,3.6,8.6,0.423,1.5,3.7,0.411,0.7,1.1,0.629,0.5,3.7,4.2,1.4,0.7,0.8,1.1,1.9,9.4
2416,KAREEM RUSH,2009,00,1610612746,LAC,29.0,7,0,58.0,4,11,0.364,1,3,0.333,0,0,0.0,1,5,6,4,2,3,3,8,9,8.3,0.6,1.6,0.364,0.1,0.4,0.333,0.0,0.0,0.0,0.1,0.7,0.9,0.6,0.3,0.4,0.4,1.1,1.3
2422,JOHN SALMONS,2009,00,1610612741,CHI,30.0,51,28,1695.0,230,548,0.42,73,192,0.38,116,147,0.789,18,156,174,125,65,22,70,101,649,33.2,4.5,10.7,0.42,1.4,3.8,0.38,2.3,2.9,0.789,0.4,3.1,3.4,2.5,1.3,0.4,1.4,2.0,12.7
2243,BRIAN SCALABRINE,2009,00,1610612738,BOS,32.0,52,3,472.0,29,85,0.341,16,49,0.327,4,6,0.667,9,39,48,27,9,4,17,59,78,9.1,0.6,1.6,0.341,0.3,0.9,0.327,0.1,0.1,0.667,0.2,0.8,0.9,0.5,0.2,0.1,0.3,1.1,1.5
2449,LUIS SCOLA,2009,00,1610612745,HOU,30.0,82,82,2671.0,560,1090,0.514,1,5,0.2,208,267,0.779,175,530,705,169,63,26,163,246,1329,32.6,6.8,13.3,0.514,0.0,0.1,0.2,2.5,3.3,0.779,2.1,6.5,8.6,2.1,0.8,0.3,2.0,3.0,16.2
200757,THABO SEFOLOSHA,2009,00,1610612760,OKC,26.0,82,82,2348.0,194,441,0.44,41,131,0.313,60,89,0.674,76,311,387,145,97,46,90,154,489,28.6,2.4,5.4,0.44,0.5,1.6,0.313,0.7,1.1,0.674,0.9,3.8,4.7,1.8,1.2,0.6,1.1,1.9,6.0
201196,RAMON SESSIONS,2009,00,1610612750,MIN,24.0,82,1,1732.0,253,555,0.456,1,15,0.067,167,233,0.717,58,156,214,258,55,5,137,137,674,21.1,3.1,6.8,0.456,0.0,0.2,0.067,2.0,2.8,0.717,0.7,1.9,2.6,3.1,0.7,0.1,1.7,1.7,8.2
2250,BOBBY SIMMONS,2009,00,1610612751,NJN,30.0,23,2,395.0,42,117,0.359,20,63,0.317,18,20,0.9,11,52,63,15,15,3,19,52,122,17.2,1.8,5.1,0.359,0.9,2.7,0.317,0.8,0.9,0.9,0.5,2.3,2.7,0.7,0.7,0.1,0.8,2.3,5.3
101189,JAMES SINGLETON,2009,00,1610612742,DAL,28.0,25,0,211.0,24,64,0.375,5,22,0.227,6,6,1.0,17,38,55,9,11,7,12,31,59,8.5,1.0,2.6,0.375,0.2,0.9,0.227,0.2,0.2,1.0,0.7,1.5,2.2,0.4,0.4,0.3,0.5,1.2,2.4
1730,BRIAN SKINNER,2009,00,1610612746,LAC,34.0,16,1,123.0,10,25,0.4,0,0,0.0,6,8,0.75,9,18,27,0,3,4,7,20,26,7.7,0.6,1.6,0.4,0.0,0.0,0.0,0.4,0.5,0.75,0.6,1.1,1.7,0.0,0.2,0.3,0.4,1.3,1.6
200783,CRAIG SMITH,2009,00,1610612746,LAC,26.0,75,2,1232.0,226,397,0.569,1,5,0.2,132,208,0.635,97,190,287,84,33,25,88,194,585,16.4,3.0,5.3,0.569,0.0,0.1,0.2,1.8,2.8,0.635,1.3,2.5,3.8,1.1,0.4,0.3,1.2,2.6,7.8
2747,JR SMITH,2009,00,1610612743,DEN,24.0,75,0,2082.0,428,1033,0.414,158,467,0.338,142,201,0.706,28,206,234,183,99,20,139,174,1156,27.8,5.7,13.8,0.414,2.1,6.2,0.338,1.9,2.7,0.706,0.4,2.7,3.1,2.4,1.3,0.3,1.9,2.3,15.4
201160,JASON SMITH,2009,00,1610612755,PHI,24.0,56,2,658.0,75,174,0.431,10,29,0.345,29,42,0.69,54,81,135,33,21,28,35,110,189,11.8,1.3,3.1,0.431,0.2,0.5,0.345,0.5,0.8,0.69,1.0,1.4,2.4,0.6,0.4,0.5,0.6,2.0,3.4
693,JOE SMITH,2009,00,1610612737,ATL,34.0,64,1,592.0,77,193,0.399,1,7,0.143,39,48,0.813,66,91,157,21,6,19,22,95,194,9.2,1.2,3.0,0.399,0.0,0.1,0.143,0.6,0.8,0.813,1.0,1.4,2.5,0.3,0.1,0.3,0.3,1.5,3.0
2746,JOSH SMITH,2009,00,1610612737,ATL,24.0,81,81,2871.0,504,999,0.505,0,7,0.0,261,422,0.618,223,482,705,342,130,172,198,240,1269,35.4,6.2,12.3,0.505,0.0,0.1,0.0,3.2,5.2,0.618,2.8,6.0,8.7,4.2,1.6,2.1,2.4,3.0,15.7
2443,DARIUS SONGAILA,2009,00,1610612740,NOH,32.0,75,1,1410.0,241,488,0.494,1,6,0.167,60,74,0.811,59,173,232,70,62,14,81,206,543,18.8,3.2,6.5,0.494,0.0,0.1,0.167,0.8,1.0,0.811,0.8,2.3,3.1,0.9,0.8,0.2,1.1,2.7,7.2
201578,MARREESE SPEIGHTS,2009,00,1610612755,PHI,22.0,62,1,1016.0,212,444,0.477,0,5,0.0,108,145,0.745,85,167,252,36,29,34,51,152,532,16.4,3.4,7.2,0.477,0.0,0.1,0.0,1.7,2.3,0.745,1.4,2.7,4.1,0.6,0.5,0.5,0.8,2.5,8.6
711,JERRY STACKHOUSE,2009,00,1610612749,MIL,35.0,42,0,855.0,129,316,0.408,45,130,0.346,55,69,0.797,19,81,100,70,21,9,66,56,358,20.4,3.1,7.5,0.408,1.1,3.1,0.346,1.3,1.6,0.797,0.5,1.9,2.4,1.7,0.5,0.2,1.6,1.3,8.5
2052,DESHAWN STEVENSON,2009,00,1610612764,WAS,29.0,40,13,616.0,29,103,0.282,11,62,0.177,18,25,0.72,7,58,65,44,11,5,24,51,87,15.4,0.7,2.6,0.282,0.3,1.6,0.177,0.5,0.6,0.72,0.2,1.5,1.6,1.1,0.3,0.1,0.6,1.3,2.2
978,PEJA STOJAKOVIC,2009,00,1610612740,NOH,33.0,62,55,1947.0,278,688,0.404,132,352,0.375,96,107,0.897,39,188,227,92,48,5,56,83,784,31.4,4.5,11.1,0.404,2.1,5.7,0.375,1.5,1.7,0.897,0.6,3.0,3.7,1.5,0.8,0.1,0.9,1.3,12.6
2405,AMAR'E STOUDEMIRE,2009,00,1610612756,PHX,27.0,82,82,2838.0,704,1264,0.557,1,6,0.167,487,632,0.771,230,502,732,82,52,83,213,281,1896,34.6,8.6,15.4,0.557,0.0,0.1,0.167,5.9,7.7,0.771,2.8,6.1,8.9,1.0,0.6,1.0,2.6,3.4,23.1
201155,RODNEY STUCKEY,2009,00,1610612765,DET,24.0,73,67,2499.0,449,1109,0.405,18,79,0.228,299,359,0.833,67,214,281,348,101,12,163,205,1215,34.2,6.2,15.2,0.405,0.2,1.1,0.228,4.1,4.9,0.833,0.9,2.9,3.8,4.8,1.4,0.2,2.2,2.8,16.6
201969,DAJUAN SUMMERS,2009,00,1610612765,DET,22.0,44,0,405.0,46,130,0.354,15,42,0.357,27,38,0.711,14,31,45,16,8,7,16,52,134,9.2,1.0,3.0,0.354,0.3,1.0,0.357,0.6,0.9,0.711,0.3,0.7,1.0,0.4,0.2,0.2,0.4,1.2,3.0
201966,JERMAINE TAYLOR,2009,00,1610612745,HOU,23.0,31,4,303.0,45,119,0.378,5,22,0.227,33,46,0.717,21,25,46,16,10,3,19,15,128,9.8,1.5,3.8,0.378,0.2,0.7,0.227,1.1,1.5,0.717,0.7,0.8,1.5,0.5,0.3,0.1,0.6,0.5,4.1
201952,JEFF TEAGUE,2009,00,1610612737,ATL,22.0,71,3,719.0,90,227,0.396,7,32,0.219,41,49,0.837,5,62,67,122,34,11,50,82,228,10.1,1.3,3.2,0.396,0.1,0.5,0.219,0.6,0.7,0.837,0.1,0.9,0.9,1.7,0.5,0.2,0.7,1.2,3.2
2742,SEBASTIAN TELFAIR,2009,00,1610612746,LAC,25.0,39,1,582.0,67,166,0.404,11,47,0.234,24,31,0.774,5,36,41,114,22,5,44,65,169,14.9,1.7,4.3,0.404,0.3,1.2,0.234,0.6,0.8,0.774,0.1,0.9,1.1,2.9,0.6,0.1,1.1,1.7,4.3
202066,GARRETT TEMPLE,2009,00,1610612745,HOU,24.0,9,0,118.0,13,29,0.448,3,12,0.25,16,24,0.667,2,12,14,7,4,4,14,16,45,13.1,1.4,3.2,0.448,0.3,1.3,0.25,1.8,2.7,0.667,0.2,1.3,1.6,0.8,0.4,0.4,1.6,1.8,5.0
1891,JASON TERRY,2009,00,1610612742,DAL,32.0,77,12,2540.0,456,1041,0.438,136,373,0.365,232,268,0.866,19,121,140,292,94,17,109,142,1280,33.0,5.9,13.5,0.438,1.8,4.8,0.365,3.0,3.5,0.866,0.2,1.6,1.8,3.8,1.2,0.2,1.4,1.8,16.6
201934,HASHEEM THABEET,2009,00,1610612763,MEM,23.0,68,13,883.0,77,131,0.588,0,0,0.0,54,93,0.581,85,158,243,11,15,89,43,162,208,13.0,1.1,1.9,0.588,0.0,0.0,0.0,0.8,1.4,0.581,1.3,2.3,3.6,0.2,0.2,1.3,0.6,2.4,3.1
2041,ETAN THOMAS,2009,00,1610612760,OKC,32.0,23,1,321.0,31,68,0.456,0,0,0.0,13,22,0.591,18,46,64,1,4,16,18,39,75,13.9,1.3,3.0,0.456,0.0,0.0,0.0,0.6,1.0,0.591,0.8,2.0,2.8,0.0,0.2,0.7,0.8,1.7,3.3
1903,KENNY THOMAS,2009,00,1610612758,SAC,32.0,26,2,313.0,17,35,0.486,0,0,0.0,7,12,0.583,35,51,86,15,10,10,17,42,41,12.0,0.7,1.3,0.486,0.0,0.0,0.0,0.3,0.5,0.583,1.3,2.0,3.3,0.6,0.4,0.4,0.7,1.6,1.6
703,KURT THOMAS,2009,00,1610612749,MIL,37.0,70,9,1049.0,99,208,0.476,0,0,0.0,12,15,0.8,84,207,291,47,26,46,48,159,210,15.0,1.4,3.0,0.476,0.0,0.0,0.0,0.2,0.2,0.8,1.2,3.0,4.2,0.7,0.4,0.7,0.7,2.3,3.0
1501,TIM THOMAS,2009,00,1610612742,DAL,33.0,18,1,285.0,49,106,0.462,16,43,0.372,21,24,0.875,13,28,41,14,10,2,14,31,135,15.8,2.7,5.9,0.462,0.9,2.4,0.372,1.2,1.3,0.875,0.7,1.6,2.3,0.8,0.6,0.1,0.8,1.7,7.5
200748,TYRUS THOMAS,2009,00,1610612741,CHI,23.0,29,3,678.0,99,205,0.483,0,1,0.0,58,90,0.644,42,141,183,33,40,48,52,64,256,23.4,3.4,7.1,0.483,0.0,0.0,0.0,2.0,3.1,0.644,1.4,4.9,6.3,1.1,1.4,1.7,1.8,2.2,8.8
201574,JASON THOMPSON,2009,00,1610612758,SAC,23.0,75,58,2357.0,370,784,0.472,1,10,0.1,198,277,0.715,224,413,637,124,41,73,139,279,939,31.4,4.9,10.5,0.472,0.0,0.1,0.1,2.6,3.7,0.715,3.0,5.5,8.5,1.7,0.5,1.0,1.9,3.7,12.5
201154,AL THORNTON,2009,00,1610612746,LAC,26.0,51,30,1405.0,220,460,0.478,5,14,0.357,103,139,0.741,85,107,192,61,25,22,66,144,548,27.6,4.3,9.0,0.478,0.1,0.3,0.357,2.0,2.7,0.741,1.7,2.1,3.8,1.2,0.5,0.4,1.3,2.8,10.7
201977,MARCUS THORNTON,2009,00,1610612740,NOH,23.0,73,17,1872.0,398,883,0.451,117,313,0.374,144,177,0.814,72,139,211,114,58,11,76,127,1057,25.6,5.5,12.1,0.451,1.6,4.3,0.374,2.0,2.4,0.814,1.0,1.9,2.9,1.6,0.8,0.2,1.0,1.7,14.5
2224,JAMAAL TINSLEY,2009,00,1610612763,MEM,32.0,38,1,589.0,52,140,0.371,7,39,0.179,22,27,0.815,11,55,66,108,33,5,63,67,133,15.5,1.4,3.7,0.371,0.2,1.0,0.179,0.6,0.7,0.815,0.3,1.4,1.7,2.8,0.9,0.1,1.7,1.8,3.5
201229,ANTHONY TOLLIVER,2009,00,1610612757,POR,25.0,2,0,4.0,0,1,0.0,0,1,0.0,0,0,0.0,0,1,1,0,0,0,0,1,0,2.1,0.0,0.5,0.0,0.0,0.5,0.0,0.0,0.0,0.0,0.0,0.5,0.5,0.0,0.0,0.0,0.0,0.5,0.0
201169,ALANDO TUCKER,2009,00,1610612756,PHX,26.0,11,0,71.0,13,30,0.433,1,7,0.143,16,21,0.762,5,2,7,3,0,0,4,5,43,6.4,1.2,2.7,0.433,0.1,0.6,0.143,1.5,1.9,0.762,0.5,0.2,0.6,0.3,0.0,0.0,0.4,0.5,3.9
101142,RONNY TURIAF,2009,00,1610612744,GSW,27.0,42,20,872.0,85,146,0.582,0,1,0.0,37,78,0.474,54,137,191,90,23,54,49,98,207,20.8,2.0,3.5,0.582,0.0,0.0,0.0,0.9,1.9,0.474,1.3,3.3,4.5,2.1,0.5,1.3,1.2,2.3,4.9
2045,HEDO TURKOGLU,2009,00,1610612761,TOR,31.0,74,69,2272.0,276,674,0.409,108,289,0.374,175,226,0.774,42,301,343,304,55,32,125,220,835,30.7,3.7,9.1,0.409,1.5,3.9,0.374,2.4,3.1,0.774,0.6,4.1,4.6,4.1,0.7,0.4,1.7,3.0,11.3
2137,IME UDOKA,2009,00,1610612758,SAC,32.0,69,2,944.0,91,241,0.378,26,91,0.286,42,57,0.737,51,140,191,58,34,6,42,83,250,13.7,1.3,3.5,0.378,0.4,1.3,0.286,0.6,0.8,0.737,0.7,2.0,2.8,0.8,0.5,0.1,0.6,1.2,3.6
2757,BENO UDRIH,2009,00,1610612758,SAC,27.0,79,41,2477.0,415,841,0.493,75,199,0.377,118,141,0.837,38,181,219,372,89,10,136,166,1023,31.3,5.3,10.6,0.493,0.9,2.5,0.377,1.5,1.8,0.837,0.5,2.3,2.8,4.7,1.1,0.1,1.7,2.1,12.9
101146,ROKO UKIC,2009,00,1610612749,MIL,25.0,13,0,97.0,14,30,0.467,3,12,0.25,9,11,0.818,0,3,3,12,1,0,6,6,40,7.5,1.1,2.3,0.467,0.2,0.9,0.25,0.7,0.8,0.818,0.0,0.2,0.2,0.9,0.1,0.0,0.5,0.5,3.1
2760,ANDERSON VAREJAO,2009,00,1610612739,CLE,27.0,76,7,2166.0,267,467,0.572,1,5,0.2,116,175,0.663,189,389,578,87,71,67,67,223,651,28.5,3.5,6.1,0.572,0.0,0.1,0.2,1.5,2.3,0.663,2.5,5.1,7.6,1.1,0.9,0.9,0.9,2.9,8.6
101111,CHARLIE VILLANUEVA,2009,00,1610612765,DET,25.0,78,16,1848.0,363,827,0.439,99,282,0.351,106,130,0.815,85,280,365,53,48,55,74,223,931,23.7,4.7,10.6,0.439,1.3,3.6,0.351,1.4,1.7,0.815,1.1,3.6,4.7,0.7,0.6,0.7,0.9,2.9,11.9
2756,SASHA VUJACIC,2009,00,1610612747,LAL,26.0,67,1,575.0,66,164,0.402,25,81,0.309,28,33,0.848,25,54,79,41,20,4,17,67,185,8.6,1.0,2.4,0.402,0.4,1.2,0.309,0.4,0.5,0.848,0.4,0.8,1.2,0.6,0.3,0.1,0.3,1.0,2.8
2548,DWYANE WADE,2009,00,1610612748,MIA,28.0,77,77,2792.0,719,1511,0.476,73,243,0.3,534,702,0.761,107,266,373,501,142,82,252,181,2045,36.3,9.3,19.6,0.476,0.9,3.2,0.3,6.9,9.1,0.761,1.4,3.5,4.8,6.5,1.8,1.1,3.3,2.4,26.6
201611,HENRY WALKER,2009,00,1610612738,BOS,22.0,8,0,29.0,3,6,0.5,0,0,0.0,2,2,1.0,0,5,5,3,0,0,2,4,8,3.7,0.4,0.8,0.5,0.0,0.0,0.0,0.3,0.3,1.0,0.0,0.6,0.6,0.4,0.0,0.0,0.3,0.5,1.0
1112,BEN WALLACE,2009,00,1610612765,DET,35.0,69,67,1975.0,158,292,0.541,0,2,0.0,65,160,0.406,245,352,597,105,86,84,64,131,381,28.6,2.3,4.2,0.541,0.0,0.0,0.0,0.9,2.3,0.406,3.6,5.1,8.7,1.5,1.2,1.2,0.9,1.9,5.5
2222,GERALD WALLACE,2009,00,1610612766,CHA,27.0,76,76,3119.0,456,943,0.484,52,140,0.371,422,544,0.776,150,612,762,161,117,83,178,194,1386,41.0,6.0,12.4,0.484,0.7,1.8,0.371,5.6,7.2,0.776,2.0,8.1,10.0,2.1,1.5,1.1,2.3,2.6,18.2
739,RASHEED WALLACE,2009,00,1610612738,BOS,35.0,79,13,1780.0,266,650,0.409,82,290,0.283,96,125,0.768,42,283,325,80,80,70,63,222,710,22.5,3.4,8.2,0.409,1.0,3.7,0.283,1.2,1.6,0.768,0.5,3.6,4.1,1.0,1.0,0.9,0.8,2.8,9.0
2575,LUKE WALTON,2009,00,1610612747,LAL,30.0,29,0,272.0,30,84,0.357,7,17,0.412,2,4,0.5,12,26,38,40,10,1,12,19,69,9.4,1.0,2.9,0.357,0.2,0.6,0.412,0.1,0.1,0.5,0.4,0.9,1.3,1.4,0.3,0.0,0.4,0.7,2.4
101124,HAKIM WARRICK,2009,00,1610612749,MIL,27.0,48,6,1024.0,182,378,0.481,1,6,0.167,125,172,0.727,87,125,212,35,17,10,57,83,490,21.3,3.8,7.9,0.481,0.0,0.1,0.167,2.6,3.6,0.727,1.8,2.6,4.4,0.7,0.4,0.2,1.2,1.7,10.2
201228,C.J. WATSON,2009,00,1610612744,GSW,26.0,65,15,1788.0,247,528,0.468,45,145,0.31,128,166,0.771,28,141,169,180,103,8,69,124,667,27.5,3.8,8.1,0.468,0.7,2.2,0.31,2.0,2.6,0.771,0.4,2.2,2.6,2.8,1.6,0.1,1.1,1.9,10.3
2248,EARL WATSON,2009,00,1610612754,IND,31.0,79,52,2322.0,223,524,0.426,53,184,0.288,120,169,0.71,54,186,240,399,104,16,175,181,619,29.4,2.8,6.6,0.426,0.7,2.3,0.288,1.5,2.1,0.71,0.7,2.4,3.0,5.1,1.3,0.2,2.2,2.3,7.8
201602,KYLE WEAVER,2009,00,1610612760,OKC,24.0,12,0,144.0,12,33,0.364,7,19,0.368,5,6,0.833,1,17,18,11,6,6,4,13,36,12.0,1.0,2.8,0.364,0.6,1.6,0.368,0.4,0.5,0.833,0.1,1.4,1.5,0.9,0.5,0.5,0.3,1.1,3.0
101110,MARTELL WEBSTER,2009,00,1610612757,POR,23.0,82,49,2005.0,259,639,0.405,124,332,0.373,126,155,0.813,47,221,268,62,45,40,60,153,768,24.5,3.2,7.8,0.405,1.5,4.0,0.373,1.5,1.9,0.813,0.6,2.7,3.3,0.8,0.5,0.5,0.7,1.9,9.4
201603,SONNY WEEMS,2009,00,1610612761,TOR,23.0,69,19,1368.0,236,458,0.515,2,15,0.133,44,64,0.688,42,150,192,101,39,25,65,126,518,19.8,3.4,6.6,0.515,0.0,0.2,0.133,0.6,0.9,0.688,0.6,2.2,2.8,1.5,0.6,0.4,0.9,1.8,7.5
2561,DAVID WEST,2009,00,1610612740,NOH,29.0,81,81,2949.0,619,1226,0.505,7,27,0.259,296,342,0.865,164,441,605,239,76,60,173,233,1541,36.4,7.6,15.1,0.505,0.1,0.3,0.259,3.7,4.2,0.865,2.0,5.4,7.5,3.0,0.9,0.7,2.1,2.9,19.0
2753,DELONTE WEST,2009,00,1610612739,CLE,26.0,60,3,1500.0,194,436,0.445,25,77,0.325,115,142,0.81,29,140,169,196,55,28,90,86,528,25.0,3.2,7.3,0.445,0.4,1.3,0.325,1.9,2.4,0.81,0.5,2.3,2.8,3.3,0.9,0.5,1.5,1.4,8.8
201238,MARIO WEST,2009,00,1610612737,ATL,26.0,39,1,142.0,12,21,0.571,0,1,0.0,6,10,0.6,8,19,27,9,8,0,7,25,30,3.6,0.3,0.5,0.571,0.0,0.0,0.0,0.2,0.3,0.6,0.2,0.5,0.7,0.2,0.2,0.0,0.2,0.6,0.8
201566,RUSSELL WESTBROOK,2009,00,1610612760,OKC,21.0,82,82,2813.0,485,1160,0.418,23,104,0.221,329,422,0.78,143,258,401,652,108,34,268,204,1322,34.3,5.9,14.1,0.418,0.3,1.3,0.221,4.0,5.1,0.78,1.7,3.1,4.9,8.0,1.3,0.4,3.3,2.5,16.1
201591,DJ WHITE,2009,00,1610612760,OKC,23.0,12,0,102.0,25,41,0.61,0,0,0.0,9,10,0.9,10,13,23,4,5,3,3,12,59,8.5,2.1,3.4,0.61,0.0,0.0,0.0,0.8,0.8,0.9,0.8,1.1,1.9,0.3,0.4,0.3,0.3,1.0,4.9
2404,CHRIS WILCOX,2009,00,1610612765,DET,27.0,34,10,441.0,63,120,0.525,0,0,0.0,26,52,0.5,44,73,117,13,13,12,38,64,152,13.0,1.9,3.5,0.525,0.0,0.0,0.0,0.8,1.5,0.5,1.3,2.1,3.4,0.4,0.4,0.4,1.1,1.9,4.5
2863,DAMIEN WILKINS,2009,00,1610612750,MIN,30.0,80,31,1585.0,165,381,0.433,18,61,0.295,103,129,0.798,72,177,249,135,66,25,76,144,451,19.8,2.1,4.8,0.433,0.2,0.8,0.295,1.3,1.6,0.798,0.9,2.2,3.1,1.7,0.8,0.3,1.0,1.8,5.6
2366,MIKE WILKS,2009,00,1610612760,OKC,31.0,4,0,59.0,6,12,0.5,2,3,0.667,2,4,0.5,1,3,4,4,0,0,4,5,16,14.8,1.5,3.0,0.5,0.5,0.8,0.667,0.5,1.0,0.5,0.3,0.8,1.0,1.0,0.0,0.0,1.0,1.3,4.0
101114,DERON WILLIAMS,2009,00,1610612762,UTA,26.0,76,76,2802.0,494,1053,0.469,96,259,0.371,335,418,0.801,50,253,303,798,96,16,252,208,1419,36.9,6.5,13.9,0.469,1.3,3.4,0.371,4.4,5.5,0.801,0.7,3.3,4.0,10.5,1.3,0.2,3.3,2.7,18.7
1715,JASON WILLIAMS,2009,00,1610612753,ORL,34.0,82,18,1703.0,189,426,0.444,84,221,0.38,31,41,0.756,7,119,126,298,53,3,87,65,493,20.8,2.3,5.2,0.444,1.0,2.7,0.38,0.4,0.5,0.756,0.1,1.5,1.5,3.6,0.6,0.0,1.1,0.8,6.0
101214,JAWAD WILLIAMS,2009,00,1610612739,CLE,27.0,54,6,742.0,81,206,0.393,30,93,0.323,32,45,0.711,16,67,83,34,12,5,18,73,224,13.7,1.5,3.8,0.393,0.6,1.7,0.323,0.6,0.8,0.711,0.3,1.2,1.5,0.6,0.2,0.1,0.3,1.4,4.1
101150,LOU WILLIAMS,2009,00,1610612755,PHI,23.0,64,38,1912.0,318,677,0.47,70,206,0.34,192,233,0.824,25,162,187,268,80,15,106,110,898,29.9,5.0,10.6,0.47,1.1,3.2,0.34,3.0,3.6,0.824,0.4,2.5,2.9,4.2,1.3,0.2,1.7,1.7,14.0
200766,MARCUS WILLIAMS,2009,00,1610612763,MEM,24.0,62,1,872.0,104,271,0.384,24,81,0.296,37,55,0.673,13,80,93,161,32,1,74,43,269,14.1,1.7,4.4,0.384,0.4,1.3,0.296,0.6,0.9,0.673,0.2,1.3,1.5,2.6,0.5,0.0,1.2,0.7,4.3
101107,MARVIN WILLIAMS,2009,00,1610612737,ATL,24.0,81,81,2468.0,302,664,0.455,40,132,0.303,176,215,0.819,106,310,416,93,66,46,72,160,820,30.5,3.7,8.2,0.455,0.5,1.6,0.303,2.2,2.7,0.819,1.3,3.8,5.1,1.1,0.8,0.6,0.9,2.0,10.1
2590,MO WILLIAMS,2009,00,1610612739,CLE,27.0,69,68,2359.0,378,855,0.442,159,371,0.429,177,198,0.894,28,178,206,368,70,21,173,170,1092,34.2,5.5,12.4,0.442,2.3,5.4,0.429,2.6,2.9,0.894,0.4,2.6,3.0,5.3,1.0,0.3,2.5,2.5,15.8
202130,REGGIE WILLIAMS,2009,00,1610612744,GSW,23.0,24,10,782.0,140,283,0.495,33,92,0.359,52,62,0.839,18,92,110,66,23,6,29,49,365,32.6,5.8,11.8,0.495,1.4,3.8,0.359,2.2,2.6,0.839,0.8,3.8,4.6,2.8,1.0,0.3,1.2,2.0,15.2
201157,SEAN WILLIAMS,2009,00,1610612751,NJN,23.0,20,0,227.0,21,49,0.429,0,1,0.0,10,19,0.526,21,25,46,1,8,19,20,41,52,11.4,1.1,2.5,0.429,0.0,0.1,0.0,0.5,1.0,0.526,1.1,1.3,2.3,0.1,0.4,1.0,1.0,2.1,2.6
200749,SHELDEN WILLIAMS,2009,00,1610612738,BOS,26.0,54,0,597.0,63,121,0.521,0,1,0.0,75,98,0.765,47,99,146,21,13,21,30,85,201,11.1,1.2,2.2,0.521,0.0,0.0,0.0,1.4,1.8,0.765,0.9,1.8,2.7,0.4,0.2,0.4,0.6,1.6,3.7
201944,TERRENCE WILLIAMS,2009,00,1610612751,NJN,23.0,78,9,1764.0,261,651,0.401,31,100,0.31,103,144,0.715,46,302,348,223,43,10,124,126,656,22.6,3.3,8.3,0.401,0.4,1.3,0.31,1.3,1.8,0.715,0.6,3.9,4.5,2.9,0.6,0.1,1.6,1.6,8.4
1897,METTA WORLD PEACE,2009,00,1610612747,LAL,30.0,77,77,2605.0,306,740,0.414,105,296,0.355,128,186,0.688,99,232,331,234,106,21,121,165,845,33.8,4.0,9.6,0.414,1.4,3.8,0.355,1.7,2.4,0.688,1.3,3.0,4.3,3.0,1.4,0.3,1.6,2.1,11.0
101120,ANTOINE WRIGHT,2009,00,1610612761,TOR,26.0,67,10,1392.0,162,399,0.406,58,173,0.335,53,77,0.688,38,152,190,71,30,11,58,134,435,20.8,2.4,6.0,0.406,0.9,2.6,0.335,0.8,1.1,0.688,0.6,2.3,2.8,1.1,0.4,0.2,0.9,2.0,6.5
2748,DORELL WRIGHT,2009,00,1610612748,MIA,24.0,72,1,1496.0,194,419,0.463,61,157,0.389,61,69,0.884,50,185,235,91,52,32,53,94,510,20.8,2.7,5.8,0.463,0.8,2.2,0.389,0.8,1.0,0.884,0.7,2.6,3.3,1.3,0.7,0.4,0.7,1.3,7.1
201153,JULIAN WRIGHT,2009,00,1610612740,NOH,23.0,68,14,871.0,116,232,0.5,2,6,0.333,25,41,0.61,58,86,144,41,29,18,44,45,259,12.8,1.7,3.4,0.5,0.0,0.1,0.333,0.4,0.6,0.61,0.9,1.3,2.1,0.6,0.4,0.3,0.6,0.7,3.8
201146,YI JIANLIAN,2009,00,1610612751,NJN,22.0,52,51,1655.0,227,563,0.403,15,41,0.366,154,193,0.798,115,257,372,47,37,52,77,170,623,31.8,4.4,10.8,0.403,0.3,0.8,0.366,3.0,3.7,0.798,2.2,4.9,7.2,0.9,0.7,1.0,1.5,3.3,12.0
201156,NICK YOUNG,2009,00,1610612764,WAS,25.0,74,23,1421.0,233,558,0.418,69,170,0.406,104,130,0.8,20,82,102,48,28,8,56,147,639,19.2,3.1,7.5,0.418,0.9,2.3,0.406,1.4,1.8,0.8,0.3,1.1,1.4,0.6,0.4,0.1,0.8,2.0,8.6
201970,SAM YOUNG,2009,00,1610612763,MEM,25.0,80,1,1321.0,224,497,0.451,11,56,0.196,136,175,0.777,77,124,201,52,34,20,94,106,595,16.5,2.8,6.2,0.451,0.1,0.7,0.196,1.7,2.2,0.777,1.0,1.6,2.5,0.7,0.4,0.3,1.2,1.3,7.4
201152,THADDEUS YOUNG,2009,00,1610612755,PHI,22.0,67,45,2145.0,382,813,0.47,48,138,0.348,114,165,0.691,130,220,350,97,81,15,126,133,926,32.0,5.7,12.1,0.47,0.7,2.1,0.348,1.7,2.5,0.691,1.9,3.3,5.2,1.4,1.2,0.2,1.9,2.0,13.8
