,PLAYER_ID,PLAYER_FULLNAME,SEASON_ID,LEAGUE_ID,TEAM_ID,TEAM_ABBREVIATION,PLAYER_AGE,GP,GS,MIN,FGM,FGA,FG_PCT,FG3M,FG3A,FG3_PCT,FTM,FTA,FT_PCT,OREB,DREB,REB,AST,STL,BLK,TOV,PF,PTS,MIN_PG,FGM_PG,FGA_PG,FG_PCT_PG,FG3M_PG,FG3A_PG,FG3_PCT_PG,FTM_PG,FTA_PG,FT_PCT_PG,OREB_PG,DREB_PG,REB_PG,AST_PG,STL_PG,BLK_PG,TOV_PG,PF_PG,PTS_PG,TS%,eFG%,PER,WS
0,76003,KAREEM ABDUL-JABBAR,1987,0,1610612747,LAL,41.0,80,80.0,2308.0,480,903,0.532,0.0,1.0,0.0,205,269,0.762,118.0,360.0,478,135,48.0,92.0,159.0,216,1165,28.9,6.0,11.3,0.532,0.0,0.0,0.0,2.6,3.4,0.762,1.5,4.5,6.0,1.7,0.6,1.2,2.0,2.7,14.6,0.5703180073627321,0.53156146179402,0.701473136915078,0.01480551247285768
1,76009,MARK ACRES,1987,0,1610612738,BOS,25.0,79,5.0,1151.0,108,203,0.532,0.0,0.0,0.0,71,111,0.64,105.0,165.0,270,42,29.0,27.0,54.0,198,287,14.6,1.4,2.6,0.532,0.0,0.0,0.0,0.9,1.4,0.64,1.3,2.1,3.4,0.5,0.4,0.3,0.7,2.5,3.6,0.5698062261753494,0.5320197044334976,0.473501303214596,0.0021241148816689634
2,76011,ALVAN ADAMS,1987,0,1610612756,PHX,33.0,82,25.0,1646.0,251,506,0.496,1.0,2.0,0.5,108,128,0.844,118.0,247.0,365,183,82.0,41.0,140.0,245,611,20.1,3.1,6.2,0.496,0.0,0.0,0.5,1.3,1.6,0.844,1.4,3.0,4.5,2.2,1.0,0.5,1.7,3.0,7.5,0.5432849622990468,0.49703557312252966,0.6190765492102066,0.007721486884928927
3,149,MICHAEL ADAMS,1987,0,1610612743,DEN,25.0,82,75.0,2778.0,416,927,0.449,139.0,379.0,0.367,166,199,0.834,40.0,183.0,223,503,168.0,16.0,144.0,138,1137,33.9,5.1,11.3,0.449,1.7,4.6,0.367,2.0,2.4,0.834,0.5,2.2,2.7,6.1,2.0,0.2,1.8,1.7,13.9,0.5603414287967198,0.5237324703344121,0.6187904967602592,0.016680857023624648
4,76016,MARK AGUIRRE,1987,0,1610612742,DAL,28.0,77,77.0,2610.0,746,1571,0.475,52.0,172.0,0.302,388,504,0.77,182.0,252.0,434,278,70.0,57.0,203.0,223,1932,33.9,9.7,20.4,0.475,0.7,2.2,0.302,5.0,6.5,0.77,2.4,3.3,5.6,3.6,0.9,0.7,2.6,2.9,25.1,0.5388339766616836,0.49140674729471673,0.9352490421455939,0.028488041002277906
5,76017,DANNY AINGE,1987,0,1610612738,BOS,29.0,81,81.0,3018.0,482,982,0.491,148.0,357.0,0.415,158,180,0.878,59.0,190.0,249,503,115.0,17.0,153.0,203,1270,37.3,6.0,12.1,0.491,1.8,4.4,0.415,2.0,2.2,0.878,0.7,2.3,3.1,6.2,1.4,0.2,1.9,2.5,15.7,0.5983791933660008,0.5661914460285132,0.6192842942345924,0.024645846409435523
6,76019,MARK ALARIE,1987,0,1610612764,WAS,24.0,63,0.0,769.0,144,300,0.48,4.0,18.0,0.222,35,49,0.714,70.0,90.0,160,39,10.0,12.0,50.0,107,327,12.2,2.3,4.8,0.48,0.1,0.3,0.222,0.6,0.8,0.714,1.1,1.4,2.5,0.6,0.2,0.2,0.8,1.7,5.2,0.508458763527802,0.4866666666666667,0.6189856957087126,0.0016547220271907344
7,76024,STEVE ALFORD,1987,0,1610612742,DAL,23.0,28,0.0,197.0,21,55,0.382,1.0,8.0,0.125,16,17,0.941,3.0,20.0,23,23,17.0,3.0,12.0,23,59,7.0,0.8,2.0,0.382,0.0,0.3,0.125,0.6,0.6,0.941,0.1,0.7,0.8,0.8,0.6,0.1,0.4,0.8,2.1,0.4721510883482714,0.39090909090909093,0.4720812182741117,6.566488592399755e-05
8,246,GREG ANDERSON,1987,0,1610612759,SAN,24.0,82,45.0,1984.0,379,756,0.501,1.0,5.0,0.2,198,328,0.604,161.0,352.0,513,79,54.0,122.0,143.0,228,957,24.2,4.6,9.2,0.501,0.0,0.1,0.2,2.4,4.0,0.604,2.0,4.3,6.3,1.0,0.7,1.5,1.7,2.8,11.7,0.5314776968189089,0.501984126984127,0.7086693548387096,0.010820220279809348
9,76045,RICHARD ANDERSON,1987,0,1610612745,HOU,27.0,12,0.0,53.0,11,26,0.423,6.0,15.0,0.4,4,5,0.8,9.0,8.0,17,4,1.0,0.0,1.0,4,32,4.4,0.9,2.2,0.423,0.5,1.3,0.4,0.3,0.4,0.8,0.8,0.7,1.4,0.3,0.1,0.0,0.1,0.3,2.7,0.5673758865248227,0.5384615384615384,0.9811320754716981,1.410013925550267e-05
10,76046,RON ANDERSON,1987,0,1610612754,IND,29.0,74,1.0,1097.0,217,436,0.498,0.0,2.0,0.0,108,141,0.766,89.0,127.0,216,78,41.0,6.0,73.0,98,542,14.8,2.9,5.9,0.498,0.0,0.0,0.0,1.5,1.9,0.766,1.2,1.7,2.9,1.1,0.6,0.1,1.0,1.3,7.3,0.5441330013653521,0.49770642201834864,0.6955332725615314,0.003516345764399677
11,76057,JOE ARLAUCKAS,1987,0,1610612758,SAC,22.0,9,0.0,85.0,14,43,0.326,0.0,0.0,0.0,6,8,0.75,6.0,7.0,13,8,3.0,4.0,4.0,16,34,9.4,1.6,4.8,0.326,0.0,0.0,0.0,0.7,0.9,0.75,0.7,0.8,1.4,0.9,0.3,0.4,0.4,1.8,3.8,0.36543422184006874,0.32558139534883723,0.6,1.8880865878338467e-05
12,355,VINCENT ASKEW,1987,0,1610612755,PHL,22.0,14,2.0,234.0,22,74,0.297,0.0,0.0,0.0,8,11,0.727,6.0,16.0,22,33,10.0,6.0,12.0,12,52,16.7,1.6,5.3,0.297,0.0,0.0,0.0,0.6,0.8,0.727,0.4,1.1,1.6,2.4,0.7,0.4,0.9,0.9,3.7,0.3297818366311517,0.2972972972972973,0.405982905982906,0.00011568365020477614
13,76082,JOHN BAGLEY,1987,0,1610612751,NJN,28.0,82,74.0,2774.0,393,896,0.439,47.0,161.0,0.292,148,180,0.822,61.0,196.0,257,479,110.0,10.0,201.0,162,981,33.8,4.8,10.9,0.439,0.6,2.0,0.292,1.8,2.2,0.822,0.7,2.4,3.1,5.8,1.3,0.1,2.5,2.0,12.0,0.5029737489745693,0.46484375,0.5465032444124008,0.02861599782605006
14,76085,JAMES BAILEY,1987,0,1610612756,PHX,31.0,65,0.0,869.0,109,241,0.452,0.0,4.0,0.0,70,89,0.787,73.0,137.0,210,42,17.0,28.0,70.0,180,288,13.4,1.7,3.7,0.452,0.0,0.1,0.0,1.1,1.4,0.787,1.1,2.1,3.2,0.6,0.3,0.4,1.1,2.8,4.4,0.5139920045688178,0.45228215767634855,0.5408515535097813,0.001921507841918943
15,1847,THURL BAILEY,1987,0,1610612762,UTH,27.0,82,10.0,2804.0,633,1286,0.492,1.0,3.0,0.333,337,408,0.826,134.0,397.0,531,158,49.0,125.0,190.0,186,1604,34.2,7.7,15.7,0.492,0.0,0.0,0.333,4.1,5.0,0.826,1.6,4.8,6.5,1.9,0.6,1.5,2.3,2.3,19.6,0.5472460287133577,0.4926127527216174,0.75,0.02564866275826675
16,787,CHARLES BARKLEY,1987,0,1610612755,PHL,25.0,80,80.0,3170.0,753,1283,0.587,44.0,157.0,0.28,714,951,0.751,385.0,566.0,951,254,100.0,103.0,304.0,278,2264,39.6,9.4,16.0,0.587,0.6,2.0,0.28,8.9,11.9,0.751,4.8,7.1,11.9,3.2,1.3,1.3,3.8,3.5,28.3,0.6653187887906714,0.6040530007794233,0.998422712933754,0.068232057485343
17,174,JOHN BATTLE,1987,0,1610612737,ATL,25.0,67,1.0,1227.0,278,613,0.454,16.0,41.0,0.39,141,188,0.75,26.0,87.0,113,158,31.0,5.0,75.0,84,713,18.3,4.1,9.1,0.454,0.2,0.6,0.39,2.1,2.8,0.75,0.4,1.3,1.7,2.4,0.5,0.1,1.1,1.3,10.6,0.512418789168056,0.466557911908646,0.7408312958435208,0.005126687280162805
18,76138,WILLIAM BEDFORD,1987,0,1610612765,DET,24.0,38,0.0,298.0,44,101,0.436,0.0,0.0,0.0,13,23,0.565,27.0,38.0,65,4,8.0,17.0,19.0,47,101,7.8,1.2,2.7,0.436,0.0,0.0,0.0,0.3,0.6,0.565,0.7,1.0,1.7,0.1,0.2,0.4,0.5,1.2,2.7,0.4544636429085673,0.43564356435643564,0.5067114093959731,0.00017565285048661407
19,104,BENOIT BENJAMIN,1987,0,1610612746,LAC,23.0,66,59.0,2171.0,340,693,0.491,0.0,8.0,0.0,180,255,0.706,112.0,418.0,530,172,50.0,225.0,223.0,203,860,32.9,5.2,10.5,0.491,0.0,0.1,0.0,2.7,3.9,0.706,1.7,6.3,8.0,2.6,0.8,3.4,3.4,3.1,13.0,0.5340288127173373,0.4906204906204906,0.6167664670658682,0.012555585090830115
20,76154,KENT BENSON,1987,0,1610612739,CLE,33.0,2,0.0,12.0,2,2,1.0,0.0,0.0,0.0,1,2,0.5,0.0,1.0,1,0,1.0,1.0,2.0,2,5,6.0,1.0,1.0,1.0,0.0,0.0,0.0,0.5,1.0,0.5,0.0,0.5,0.5,0.0,0.5,0.5,1.0,1.0,2.5,0.8680555555555556,1.0,0.3333333333333333,4.0893761510827107e-07
21,76158,WALTER BERRY,1987,0,1610612759,SAN,24.0,73,56.0,1922.0,540,960,0.563,0.0,0.0,0.0,192,320,0.6,176.0,219.0,395,110,55.0,63.0,162.0,207,1272,26.3,7.4,13.2,0.563,0.0,0.0,0.0,2.6,4.4,0.6,2.4,3.0,5.4,1.5,0.8,0.9,2.2,2.8,17.4,0.5777616279069767,0.5625,0.840270551508845,0.013932305579723166
22,1449,LARRY BIRD,1987,0,1610612738,BOS,31.0,76,75.0,2965.0,881,1672,0.527,98.0,237.0,0.414,415,453,0.916,108.0,595.0,703,467,125.0,57.0,213.0,157,2275,39.0,11.6,22.0,0.527,1.3,3.1,0.414,5.5,6.0,0.916,1.4,7.8,9.3,6.1,1.6,0.8,2.8,2.1,29.9,0.6078596926233889,0.55622009569378,1.0900505902192243,0.04337374081600845
23,76170,OTIS BIRDSONG,1987,0,1610612751,NJN,32.0,67,59.0,1882.0,337,736,0.458,9.0,25.0,0.36,47,92,0.511,73.0,94.0,167,222,54.0,11.0,129.0,143,730,28.1,5.0,11.0,0.458,0.1,0.4,0.36,0.7,1.4,0.511,1.1,1.4,2.5,3.3,0.8,0.2,1.9,2.1,10.9,0.4700700597568514,0.4639945652173913,0.5260361317747078,0.014446941335003544
24,76172,UWE BLAB,1987,0,1610612742,DAL,26.0,73,1.0,658.0,58,132,0.439,0.0,0.0,0.0,46,65,0.708,52.0,82.0,134,35,8.0,29.0,49.0,108,162,9.0,0.8,1.8,0.439,0.0,0.0,0.0,0.6,0.9,0.708,0.7,1.1,1.8,0.5,0.1,0.4,0.7,1.5,2.2,0.5043586550435866,0.4393939393939394,0.42857142857142855,0.0006022209567198178
25,76176,ROLANDO BLACKMAN,1987,0,1610612742,DAL,29.0,71,69.0,2580.0,497,1050,0.473,0.0,5.0,0.0,331,379,0.873,82.0,164.0,246,262,64.0,18.0,144.0,112,1325,36.3,7.0,14.8,0.473,0.0,0.1,0.0,4.7,5.3,0.873,1.2,2.3,3.5,3.7,0.9,0.3,2.0,1.6,18.7,0.5444787797100497,0.47333333333333333,0.6546511627906977,0.019313035578696167
26,76179,NATE BLACKWELL,1987,0,1610612759,SAN,23.0,10,0.0,112.0,15,41,0.366,2.0,11.0,0.182,5,6,0.833,2.0,4.0,6,18,3.0,0.0,8.0,16,37,11.2,1.5,4.1,0.366,0.2,1.1,0.182,0.5,0.6,0.833,0.2,0.4,0.6,1.8,0.3,0.0,0.8,1.6,3.7,0.423923006416132,0.3902439024390244,0.4732142857142857,2.361577723118803e-05
27,177,MUGGSY BOGUES,1987,0,1610612764,WAS,23.0,79,14.0,1628.0,166,426,0.39,3.0,16.0,0.188,58,74,0.784,35.0,101.0,136,404,127.0,3.0,101.0,138,393,20.6,2.1,5.4,0.39,0.0,0.2,0.188,0.7,0.9,0.784,0.4,1.3,1.7,5.1,1.6,0.0,1.3,1.7,5.0,0.42851535240753663,0.3931924882629108,0.5110565110565111,0.004210153270599415
28,76195,MANUTE BOL,1987,0,1610612764,WAS,25.0,77,4.0,1136.0,75,165,0.455,0.0,1.0,0.0,26,49,0.531,72.0,203.0,275,13,11.0,208.0,35.0,160,176,14.8,1.0,2.1,0.455,0.0,0.0,0.0,0.3,0.6,0.531,0.9,2.6,3.6,0.2,0.1,2.7,0.5,2.1,2.3,0.4716981132075472,0.45454545454545453,0.37764084507042256,0.001315654801018069
29,76231,DUDLEY BRADLEY,1987,0,1610612749,MIL,31.0,2,0.0,5.0,0,1,0.0,0.0,1.0,0.0,0,0,0.0,0.0,1.0,1,1,0.0,0.0,0.0,2,0,2.5,0.0,0.5,0.0,0.0,0.5,0.0,0.0,0.0,0.0,0.0,0.5,0.5,0.5,0.0,0.0,0.0,1.0,0.0,0.0,0.0,0.4,0.0
30,76237,ADRIAN BRANCH,1987,0,1610612751,NJN,24.0,20,3.0,308.0,56,134,0.418,1.0,5.0,0.2,20,23,0.87,20.0,28.0,48,16,16.0,11.0,29.0,41,133,15.4,2.8,6.7,0.418,0.1,0.3,0.2,1.0,1.2,0.87,1.0,1.4,2.4,0.8,0.8,0.6,1.5,2.1,6.7,0.46142103802386897,0.4216417910447761,0.5454545454545454,0.00043076041579715927
31,76247,RANDY BREUER,1987,0,1610612749,MIL,27.0,81,73.0,2258.0,390,788,0.495,0.0,0.0,0.0,188,286,0.657,191.0,360.0,551,103,46.0,107.0,107.0,198,968,27.9,4.8,9.7,0.495,0.0,0.0,0.0,2.3,3.5,0.657,2.4,4.4,6.8,1.3,0.6,1.3,1.3,2.4,12.0,0.5296331961831393,0.4949238578680203,0.670947741364039,0.013104876158085716
32,783,FRANK BRICKOWSKI,1987,0,1610612759,SAN,28.0,70,68.0,2227.0,425,805,0.528,1.0,5.0,0.2,268,349,0.768,167.0,316.0,483,266,74.0,36.0,207.0,275,1119,31.8,6.1,11.5,0.528,0.0,0.1,0.2,3.8,5.0,0.768,2.4,4.5,6.9,3.8,1.1,0.5,3.0,3.9,16.0,0.5836880320480722,0.5285714285714286,0.7458464301751235,0.014201453635430641
33,76266,MICHAEL BROOKS,1987,0,1610612743,DEN,29.0,16,0.0,133.0,20,49,0.408,0.0,0.0,0.0,3,4,0.75,19.0,25.0,44,13,4.0,1.0,12.0,21,43,8.3,1.3,3.1,0.408,0.0,0.0,0.0,0.2,0.3,0.75,1.2,1.6,2.8,0.8,0.3,0.1,0.8,1.3,2.7,0.4235618597320725,0.40816326530612246,0.6616541353383458,3.0202698713319614e-05
34,1479,MIKE BROWN,1987,0,1610612741,CHI,24.0,46,27.0,591.0,78,174,0.448,0.0,1.0,0.0,41,71,0.577,66.0,93.0,159,28,11.0,4.0,38.0,85,197,12.8,1.7,3.8,0.448,0.0,0.0,0.0,0.9,1.5,0.577,1.4,2.0,3.5,0.6,0.2,0.1,0.8,1.8,4.3,0.4799259403625024,0.4482758620689655,0.5854483925549916,0.0008145182328969325
35,76316,STEVE BURTT,1987,0,1610612746,LAC,25.0,19,0.0,312.0,62,138,0.449,0.0,4.0,0.0,47,69,0.681,6.0,21.0,27,38,10.0,5.0,40.0,56,171,16.4,3.3,7.3,0.449,0.0,0.2,0.0,2.5,3.6,0.681,0.3,1.1,1.4,2.0,0.5,0.3,2.1,2.9,9.0,0.50784034212402,0.4492753623188406,0.6282051282051282,0.00035878095817272514
36,262,MICHAEL CAGE,1987,0,1610612746,LAC,26.0,72,70.0,2660.0,360,766,0.47,0.0,1.0,0.0,326,474,0.688,371.0,567.0,938,110,91.0,58.0,160.0,194,1046,36.9,5.0,10.6,0.47,0.0,0.0,0.0,4.5,6.6,0.688,5.2,7.9,13.0,1.5,1.3,0.8,2.2,2.7,14.5,0.5366524380233131,0.4699738903394256,0.7270676691729323,0.01871078472749782
37,76338,TONY CAMPBELL,1987,0,1610612747,LAL,26.0,13,1.0,242.0,57,101,0.564,1.0,3.0,0.333,28,39,0.718,8.0,19.0,27,15,11.0,2.0,26.0,41,143,18.6,4.4,7.8,0.564,0.1,0.2,0.333,2.2,3.0,0.718,0.6,1.5,2.1,1.2,0.8,0.2,2.0,3.2,11.0,0.6051117129316181,0.5693069306930693,0.6570247933884298,0.00019055182743200097
38,76342,RICK CARLISLE,1987,0,1610612752,NYK,28.0,26,0.0,204.0,29,67,0.433,6.0,17.0,0.353,10,11,0.909,6.0,7.0,13,32,11.0,4.0,22.0,39,74,7.8,1.1,2.6,0.433,0.2,0.7,0.353,0.4,0.4,0.909,0.2,0.3,0.5,1.2,0.4,0.2,0.8,1.5,2.8,0.515033407572383,0.47761194029850745,0.47549019607843135,8.909096059601712e-05
39,156,ANTOINE CARR,1987,0,1610612737,ATL,26.0,80,2.0,1483.0,281,517,0.544,1.0,4.0,0.25,142,182,0.78,94.0,195.0,289,103,38.0,83.0,116.0,272,705,18.5,3.5,6.5,0.544,0.0,0.1,0.25,1.8,2.3,0.78,1.2,2.4,3.6,1.3,0.5,1.0,1.5,3.4,8.8,0.5903731493267234,0.5444874274661509,0.6614969656102495,0.00612679010679466
40,76353,JOE BARRY CARROLL,1987,0,1610612744,GOS,29.0,14,14.0,408.0,79,209,0.378,0.0,1.0,0.0,59,74,0.797,21.0,72.0,93,19,13.0,25.0,43.0,46,217,29.1,5.6,14.9,0.378,0.0,0.1,0.0,4.2,5.3,0.797,1.5,5.1,6.6,1.4,0.9,1.8,3.1,3.3,15.5,0.4491637688359,0.37799043062200954,0.7009803921568627,0.0008522420445954304
41,76362,BILL CARTWRIGHT,1987,0,1610612752,NYK,30.0,82,4.0,1676.0,287,528,0.544,0.0,0.0,0.0,340,426,0.798,127.0,257.0,384,85,43.0,43.0,135.0,234,914,20.4,3.5,6.4,0.544,0.0,0.0,0.0,4.1,5.2,0.798,1.5,3.1,4.7,1.0,0.5,0.5,1.6,2.9,11.1,0.6387677513138768,0.5435606060606061,0.7446300715990454,0.009040489882250738
42,767,TERRY CATLEDGE,1987,0,1610612764,WAS,24.0,70,40.0,1610.0,296,585,0.506,0.0,2.0,0.0,154,235,0.655,180.0,217.0,397,63,33.0,9.0,101.0,172,746,23.0,4.2,8.4,0.506,0.0,0.0,0.0,2.2,3.4,0.655,2.6,3.1,5.7,0.9,0.5,0.1,1.4,2.5,10.7,0.5418361417780361,0.505982905982906,0.6863354037267081,0.00790343087443363
43,1472,TOM CHAMBERS,1987,0,1610612760,SEA,29.0,82,82.0,2680.0,611,1364,0.448,33.0,109.0,0.303,419,519,0.807,135.0,355.0,490,212,87.0,53.0,209.0,297,1674,32.7,7.5,16.6,0.448,0.4,1.3,0.303,5.1,6.3,0.807,1.6,4.3,6.0,2.6,1.1,0.6,2.5,3.6,20.4,0.525634906679394,0.4600439882697947,0.8085820895522388,0.02573044341455198
44,76385,MAURICE CHEEKS,1987,0,1610612755,PHL,31.0,79,79.0,2871.0,428,865,0.495,3.0,22.0,0.136,227,275,0.825,59.0,194.0,253,635,167.0,22.0,160.0,116,1086,36.3,5.4,10.9,0.495,0.0,0.3,0.136,2.9,3.5,0.825,0.7,2.5,3.2,8.0,2.1,0.3,2.0,1.5,13.7,0.550709939148073,0.49653179190751445,0.6318355973528388,0.029642566327693357
45,76412,BEN COLEMAN,1987,0,1610612751,NJN,26.0,27,10.0,657.0,116,240,0.483,0.0,2.0,0.0,65,84,0.774,58.0,115.0,173,39,28.0,16.0,72.0,110,297,24.3,4.3,8.9,0.483,0.0,0.1,0.0,2.4,3.1,0.774,2.1,4.3,6.4,1.4,1.0,0.6,2.7,4.1,11.0,0.5361785095320625,0.48333333333333334,0.665144596651446,0.0020518955466771772
46,76415,NORRIS COLEMAN,1987,0,1610612746,LAC,26.0,29,11.0,431.0,66,191,0.346,1.0,2.0,0.5,20,36,0.556,36.0,45.0,81,13,11.0,6.0,16.0,51,153,14.9,2.3,6.6,0.346,0.0,0.1,0.5,0.7,1.2,0.556,1.2,1.6,2.8,0.4,0.4,0.2,0.6,1.8,5.3,0.36985109263198607,0.3481675392670157,0.5359628770301624,0.00044345278011665947
47,306,STEVE COLTER,1987,0,1610612755,PHL,25.0,12,0.0,152.0,15,40,0.375,0.0,0.0,0.0,7,9,0.778,7.0,11.0,18,26,6.0,0.0,11.0,20,37,12.7,1.3,3.3,0.375,0.0,0.0,0.0,0.6,0.8,0.778,0.6,0.9,1.5,2.2,0.5,0.0,0.9,1.7,3.1,0.4208371246587807,0.375,0.4605263157894737,5.3468511567362e-05
48,76426,DALLAS COMEGYS,1987,0,1610612751,NJN,23.0,75,17.0,1122.0,156,363,0.43,0.0,1.0,0.0,106,150,0.707,54.0,164.0,218,65,36.0,70.0,116.0,175,418,15.0,2.1,4.8,0.43,0.0,0.0,0.0,1.4,2.0,0.707,0.7,2.2,2.9,0.9,0.5,0.9,1.5,2.3,5.6,0.48717948717948717,0.4297520661157025,0.5213903743315508,0.004931767209432782
49,76431,LESTER CONNER,1987,0,1610612745,HOU,28.0,52,3.0,399.0,50,108,0.463,0.0,7.0,0.0,32,41,0.78,20.0,18.0,38,59,38.0,1.0,33.0,31,132,7.7,1.0,2.1,0.463,0.0,0.1,0.0,0.6,0.8,0.78,0.4,0.3,0.7,1.1,0.7,0.0,0.6,0.6,2.5,0.5236432878451286,0.46296296296296297,0.49122807017543857,0.00043786918296510305
50,76436,JEFF COOK,1987,0,1610612756,PHX,31.0,33,0.0,359.0,14,59,0.237,0.0,1.0,0.0,23,28,0.821,37.0,69.0,106,14,9.0,8.0,14.0,64,51,10.9,0.4,1.8,0.237,0.0,0.0,0.0,0.7,0.8,0.821,1.1,2.1,3.2,0.4,0.3,0.2,0.4,1.9,1.5,0.357543466068424,0.23728813559322035,0.4373259052924791,0.00014057060748982677
51,76444,MICHAEL COOPER,1987,0,1610612747,LAL,32.0,61,8.0,1793.0,189,482,0.392,57.0,178.0,0.32,97,113,0.858,50.0,178.0,228,289,66.0,26.0,101.0,136,532,29.4,3.1,7.9,0.392,0.9,2.9,0.32,1.6,1.9,0.858,0.8,2.9,3.7,4.7,1.1,0.4,1.7,2.2,8.7,0.5002632964718272,0.4512448132780083,0.5287228109313998,0.005252349735407945
52,76441,WAYNE COOPER,1987,0,1610612743,DEN,31.0,45,32.0,865.0,118,270,0.437,0.0,1.0,0.0,50,67,0.746,98.0,172.0,270,30,12.0,94.0,59.0,145,286,19.2,2.6,6.0,0.437,0.0,0.0,0.0,1.1,1.5,0.746,2.2,3.8,6.0,0.7,0.3,2.1,1.3,3.2,6.4,0.47749432349405635,0.43703703703703706,0.6092485549132948,0.0013064951275901628
53,895,TYRONE CORBIN,1987,0,1610612739,CLE,25.0,54,4.0,1148.0,158,322,0.491,0.0,3.0,0.0,77,98,0.786,79.0,141.0,220,56,42.0,15.0,66.0,128,393,21.3,2.9,6.0,0.491,0.0,0.1,0.0,1.4,1.8,0.786,1.5,2.6,4.1,1.0,0.8,0.3,1.2,2.4,7.3,0.5381792287467134,0.4906832298136646,0.5252613240418118,0.0030749655030451336
54,76453,DAVE CORZINE,1987,0,1610612741,CHI,32.0,80,32.0,2328.0,344,715,0.481,1.0,9.0,0.111,115,153,0.752,170.0,357.0,527,154,36.0,95.0,109.0,149,804,29.1,4.3,8.9,0.481,0.0,0.1,0.111,1.4,1.9,0.752,2.1,4.5,6.6,1.9,0.5,1.2,1.4,1.9,10.1,0.5138562225176398,0.4818181818181818,0.5910652920962199,0.013094415820488231
55,76472,WINSTON CRITE,1987,0,1610612756,PHX,23.0,29,0.0,258.0,34,68,0.5,0.0,0.0,0.0,19,25,0.76,27.0,37.0,64,15,5.0,8.0,25.0,42,87,8.9,1.2,2.3,0.5,0.0,0.0,0.0,0.7,0.9,0.76,0.9,1.3,2.2,0.5,0.2,0.3,0.9,1.4,3.0,0.5506329113924051,0.5,0.5465116279069767,0.00017233316159903064
56,76483,PAT CUMMINGS,1987,0,1610612752,NYK,31.0,62,9.0,946.0,140,307,0.456,0.0,1.0,0.0,59,80,0.738,82.0,153.0,235,37,20.0,10.0,65.0,143,339,15.3,2.3,5.0,0.456,0.0,0.0,0.0,1.0,1.3,0.738,1.3,2.5,3.8,0.6,0.3,0.2,1.0,2.3,5.5,0.49532437171244886,0.4560260586319218,0.5771670190274841,0.0018926163564771537
57,187,TERRY CUMMINGS,1987,0,1610612749,MIL,27.0,76,76.0,2629.0,675,1392,0.485,1.0,3.0,0.333,270,406,0.665,184.0,369.0,553,181,78.0,46.0,170.0,274,1621,34.6,8.9,18.3,0.485,0.0,0.0,0.333,3.6,5.3,0.665,2.4,4.9,7.3,2.4,1.0,0.6,2.2,3.6,21.3,0.5160316813528243,0.4852729885057471,0.8311144922023583,0.025550960304218388
58,940,EARL CURETON,1987,0,1610612746,LAC,30.0,69,11.0,1128.0,133,310,0.429,0.0,3.0,0.0,33,63,0.524,97.0,174.0,271,63,32.0,36.0,58.0,135,299,16.3,1.9,4.5,0.429,0.0,0.0,0.0,0.5,0.9,0.524,1.4,2.5,3.9,0.9,0.5,0.5,0.8,2.0,4.3,0.4426744048324055,0.4290322580645161,0.5097517730496454,0.002268083133243953
59,209,DELL CURRY,1987,0,1610612739,CLE,24.0,79,8.0,1499.0,340,742,0.458,28.0,81.0,0.346,79,101,0.782,43.0,123.0,166,149,94.0,22.0,108.0,128,787,19.0,4.3,9.4,0.458,0.4,1.0,0.346,1.0,1.3,0.782,0.5,1.6,2.1,1.9,1.2,0.3,1.4,1.6,10.0,0.5003560347896852,0.477088948787062,0.6631087391594396,0.008040483678870397
60,76497,QUINTIN DAILEY,1987,0,1610612746,LAC,27.0,67,7.0,1282.0,328,755,0.434,2.0,12.0,0.167,243,313,0.776,62.0,92.0,154,109,69.0,4.0,123.0,128,901,19.1,4.9,11.3,0.434,0.0,0.2,0.167,3.6,4.7,0.776,0.9,1.4,2.3,1.6,1.0,0.1,1.8,1.9,13.4,0.5046375123218926,0.4357615894039735,0.8120124804992199,0.007767683062079542
61,76504,ADRIAN DANTLEY,1987,0,1610612765,DET,33.0,69,50.0,2144.0,444,863,0.514,0.0,2.0,0.0,492,572,0.86,84.0,143.0,227,171,39.0,10.0,135.0,144,1380,31.1,6.4,12.5,0.514,0.0,0.0,0.0,7.1,8.3,0.86,1.2,2.1,3.3,2.5,0.6,0.1,2.0,2.1,20.0,0.6190117343093982,0.5144843568945539,0.7663246268656716,0.017267180603088406
62,921,BRAD DAUGHERTY,1987,0,1610612739,CLE,22.0,79,78.0,2957.0,551,1081,0.51,0.0,2.0,0.0,378,528,0.716,151.0,514.0,665,333,48.0,56.0,267.0,235,1480,37.4,7.0,13.7,0.51,0.0,0.0,0.0,4.8,6.7,0.716,1.9,6.5,8.4,4.2,0.6,0.7,3.4,3.0,18.7,0.5634574970304267,0.509713228492137,0.747717281028069,0.02982763702092055
63,76516,BRAD DAVIS,1987,0,1610612742,DAL,32.0,75,12.0,1480.0,208,415,0.501,30.0,74.0,0.405,91,108,0.843,18.0,84.0,102,303,51.0,18.0,91.0,149,537,19.7,2.8,5.5,0.501,0.4,1.0,0.405,1.2,1.4,0.843,0.2,1.1,1.4,4.0,0.7,0.2,1.2,2.0,7.2,0.5805154371702845,0.5373493975903615,0.575,0.0044900477275192545
64,76518,CHARLIE DAVIS,1987,0,1610612749,MIL,29.0,5,0.0,39.0,6,18,0.333,0.0,2.0,0.0,0,0,0.0,1.0,2.0,3,3,2.0,1.0,5.0,4,12,7.8,1.2,3.6,0.333,0.0,0.4,0.0,0.0,0.0,0.0,0.2,0.4,0.6,0.6,0.4,0.2,1.0,0.8,2.4,0.3333333333333333,0.3333333333333333,0.3333333333333333,2.8059471017576237e-06
65,1453,WALTER DAVIS,1987,0,1610612756,PHX,33.0,68,48.0,1951.0,488,1031,0.473,36.0,96.0,0.375,205,231,0.887,32.0,127.0,159,278,86.0,3.0,126.0,131,1217,28.7,7.2,15.2,0.473,0.5,1.4,0.375,3.0,3.4,0.887,0.5,1.9,2.3,4.1,1.3,0.0,1.9,1.9,17.9,0.5372404294391863,0.49078564500484967,0.7831881086622245,0.01822962540793039
66,76539,DARRYL DAWKINS,1987,0,1610612762,UTH,31.0,4,0.0,26.0,1,7,0.143,0.0,0.0,0.0,4,12,0.333,2.0,3.0,5,1,0.0,1.0,4.0,10,6,6.5,0.3,1.8,0.143,0.0,0.0,0.0,1.0,3.0,0.333,0.5,0.8,1.3,0.3,0.0,0.3,1.0,2.5,1.5,0.24429967426710095,0.14285714285714285,0.3076923076923077,8.896249458134293e-07
67,1008,JOHNNY DAWKINS,1987,0,1610612759,SAN,24.0,65,61.0,2179.0,405,835,0.485,19.0,61.0,0.311,198,221,0.896,66.0,138.0,204,480,88.0,2.0,154.0,95,1027,33.5,6.2,12.8,0.485,0.3,0.9,0.311,3.0,3.4,0.896,1.0,2.1,3.1,7.4,1.4,0.0,2.4,1.5,15.8,0.5508238221917103,0.49640718562874253,0.7145479577787976,0.012752935716361295
68,76543,DARREN DAYE,1987,0,1610612738,BOS,27.0,47,8.0,655.0,112,217,0.516,0.0,1.0,0.0,59,87,0.678,30.0,46.0,76,71,29.0,4.0,44.0,68,283,13.9,2.4,4.6,0.516,0.0,0.0,0.0,1.3,1.9,0.678,0.6,1.0,1.6,1.5,0.6,0.1,0.9,1.4,6.0,0.5542933249764964,0.5161290322580645,0.5893129770992367,0.0011919238687781487
69,76583,JAMES DONALDSON,1987,0,1610612742,DAL,30.0,81,81.0,2523.0,212,380,0.558,0.0,0.0,0.0,147,189,0.778,247.0,508.0,755,66,40.0,104.0,113.0,175,571,31.1,2.6,4.7,0.558,0.0,0.0,0.0,1.8,2.3,0.778,3.0,6.3,9.3,0.8,0.5,1.3,1.4,2.2,7.0,0.6164176526470334,0.5578947368421052,0.5069361870788743,0.008138948774270528
70,76586,BILLY DONOVAN,1987,0,1610612752,NYK,23.0,44,0.0,364.0,44,109,0.404,0.0,7.0,0.0,17,21,0.81,5.0,20.0,25,87,16.0,1.0,42.0,33,105,8.3,1.0,2.5,0.404,0.0,0.2,0.0,0.4,0.5,0.81,0.1,0.5,0.6,2.0,0.4,0.0,1.0,0.8,2.4,0.44401217861975645,0.4036697247706422,0.4807692307692308,0.00022556018243109264
71,1068,GREG DREILING,1987,0,1610612754,IND,24.0,20,0.0,74.0,8,17,0.471,0.0,0.0,0.0,18,26,0.692,3.0,14.0,17,5,2.0,4.0,11.0,19,34,3.7,0.4,0.9,0.471,0.0,0.0,0.0,0.9,1.3,0.692,0.2,0.7,0.9,0.3,0.1,0.2,0.6,1.0,1.7,0.5977496483825598,0.47058823529411764,0.6081081081081081,1.487977264937516e-05
72,76599,LARRY DREW,1987,0,1610612746,LAC,30.0,74,51.0,2024.0,328,720,0.456,26.0,90.0,0.289,83,108,0.769,21.0,98.0,119,383,65.0,0.0,152.0,114,765,27.4,4.4,9.7,0.456,0.4,1.2,0.289,1.1,1.5,0.769,0.3,1.3,1.6,5.2,0.9,0.0,2.1,1.5,10.3,0.4983583489681051,0.4736111111111111,0.5508893280632411,0.010412394744270519
73,17,CLYDE DREXLER,1987,0,1610612757,POR,26.0,81,80.0,3060.0,849,1679,0.506,11.0,52.0,0.212,476,587,0.811,261.0,272.0,533,467,203.0,52.0,236.0,250,2185,37.8,10.5,20.7,0.506,0.1,0.6,0.212,5.9,7.2,0.811,3.2,3.4,6.6,5.8,2.5,0.6,2.9,3.1,27.0,0.5639350016518004,0.5089338892197737,0.9637254901960784,0.04108314263742568
74,404,KEVIN DUCKWORTH,1987,0,1610612757,POR,24.0,78,50.0,2223.0,450,907,0.496,0.0,0.0,0.0,331,430,0.77,224.0,352.0,576,66,31.0,32.0,177.0,280,1231,28.5,5.8,11.6,0.496,0.0,0.0,0.0,4.2,5.5,0.77,2.9,4.5,7.4,0.8,0.4,0.4,2.3,3.6,15.8,0.5614851304506476,0.4961411245865491,0.7629329734592892,0.016814668328049186
75,201,CHRIS DUDLEY,1987,0,1610612739,CLE,23.0,55,1.0,513.0,65,137,0.474,0.0,0.0,0.0,40,71,0.563,74.0,70.0,144,23,13.0,19.0,31.0,87,170,9.3,1.2,2.5,0.474,0.0,0.0,0.0,0.7,1.3,0.563,1.3,1.3,2.6,0.4,0.2,0.3,0.6,1.6,3.1,0.5052306229196386,0.4744525547445255,0.5964912280701754,0.000594390823559872
76,247,JOE DUMARS,1987,0,1610612765,DET,25.0,82,82.0,2732.0,453,960,0.472,4.0,19.0,0.211,251,308,0.815,63.0,137.0,200,387,87.0,15.0,172.0,155,1161,33.3,5.5,11.7,0.472,0.0,0.2,0.211,3.1,3.8,0.815,0.8,1.7,2.4,4.7,1.1,0.2,2.1,1.9,14.2,0.529885351248722,0.4739583333333333,0.5768667642752562,0.018511025487463216
77,76618,T.R. DUNN,1987,0,1610612743,DEN,33.0,82,1.0,1534.0,70,156,0.449,0.0,1.0,0.0,40,52,0.769,110.0,130.0,240,87,101.0,11.0,26.0,152,180,18.7,0.9,1.9,0.449,0.0,0.0,0.0,0.5,0.6,0.769,1.3,1.6,2.9,1.1,1.2,0.1,0.3,1.9,2.2,0.5031305903398927,0.44871794871794873,0.3135593220338983,0.0014582215717296402
78,76631,MARK EATON,1987,0,1610612762,UTH,31.0,82,82.0,2731.0,226,541,0.418,0.0,0.0,0.0,119,191,0.623,230.0,487.0,717,55,41.0,304.0,131.0,320,571,33.3,2.8,6.6,0.418,0.0,0.0,0.0,1.5,2.3,0.623,2.8,5.9,8.7,0.7,0.5,3.7,1.6,3.9,7.0,0.4567707666709331,0.4177449168207024,0.4437934822409374,0.008892833526451331
79,76641,FRANKLIN EDWARDS,1987,0,1610612758,SAC,29.0,16,11.0,414.0,54,115,0.47,0.0,2.0,0.0,24,32,0.75,4.0,15.0,19,92,10.0,1.0,47.0,10,132,25.9,3.4,7.2,0.47,0.0,0.1,0.0,1.5,2.0,0.75,0.3,0.9,1.2,5.8,0.6,0.1,2.9,0.6,8.3,0.5113108149984505,0.46956521739130436,0.47342995169082125,0.0003570247607333705
80,229,JAMES EDWARDS,1987,0,1610612756,PHX,32.0,43,42.0,1377.0,254,542,0.469,0.0,1.0,0.0,165,260,0.635,97.0,238.0,335,73,14.0,32.0,108.0,159,673,32.0,5.9,12.6,0.469,0.0,0.0,0.0,3.8,6.0,0.635,2.3,5.5,7.8,1.7,0.3,0.7,2.5,3.7,15.7,0.5126447288238879,0.46863468634686345,0.7066085693536674,0.007115065483837443
81,378,CRAIG EHLO,1987,0,1610612739,CLE,26.0,79,27.0,1709.0,226,485,0.466,22.0,64.0,0.344,89,132,0.674,86.0,188.0,274,206,82.0,30.0,107.0,182,563,21.6,2.9,6.1,0.466,0.3,0.8,0.344,1.1,1.7,0.674,1.1,2.4,3.5,2.6,1.0,0.4,1.4,2.3,7.1,0.5183398394343375,0.488659793814433,0.5476887068461088,0.006557771305264663
82,107,DALE ELLIS,1987,0,1610612760,SEA,27.0,75,73.0,2790.0,764,1519,0.503,107.0,259.0,0.413,303,395,0.767,167.0,173.0,340,197,74.0,11.0,172.0,221,1938,37.2,10.2,20.3,0.503,1.4,3.5,0.413,4.0,5.3,0.767,2.2,2.3,4.5,2.6,1.0,0.1,2.3,2.9,25.8,0.5724243856332704,0.5381830151415404,0.8254480286738352,0.03101094486156825
83,76670,CHRIS ENGLER,1987,0,1610612751,NJN,29.0,54,0.0,399.0,36,88,0.409,0.0,0.0,0.0,31,35,0.886,32.0,66.0,98,15,9.0,6.0,29.0,73,103,7.4,0.7,1.6,0.409,0.0,0.0,0.0,0.6,0.6,0.886,0.6,1.2,1.8,0.3,0.2,0.1,0.5,1.4,1.9,0.4980657640232108,0.4090909090909091,0.46867167919799496,0.0004321589885757214
84,76673,ALEX ENGLISH,1987,0,1610612743,DEN,34.0,80,80.0,2818.0,843,1704,0.495,0.0,6.0,0.0,314,379,0.828,166.0,207.0,373,377,70.0,23.0,181.0,193,2000,35.2,10.5,21.3,0.495,0.0,0.1,0.0,3.9,4.7,0.828,2.1,2.6,4.7,4.7,0.9,0.3,2.3,2.4,25.0,0.5345421112275225,0.49471830985915494,0.9116394606103619,0.029764366138882566
85,76686,MIKE EVANS,1987,0,1610612743,DEN,33.0,56,0.0,656.0,139,307,0.453,36.0,91.0,0.396,30,37,0.811,9.0,39.0,48,81,34.0,6.0,43.0,78,344,11.7,2.5,5.5,0.453,0.6,1.6,0.396,0.5,0.7,0.811,0.2,0.7,0.9,1.4,0.6,0.1,0.8,1.4,6.1,0.5320465231378372,0.511400651465798,0.6554878048780488,0.001191757615394747
86,121,PATRICK EWING,1987,0,1610612752,NYK,25.0,82,82.0,2546.0,656,1183,0.555,0.0,3.0,0.0,341,476,0.716,245.0,431.0,676,125,104.0,245.0,287.0,332,1653,31.0,8.0,14.4,0.555,0.0,0.0,0.0,4.2,5.8,0.716,3.0,5.3,8.2,1.5,1.3,3.0,3.5,4.0,20.2,0.5935623797075636,0.5545224006762468,0.8511390416339356,0.02483722132517492
87,76695,JIM FARMER,1987,0,1610612742,DAL,23.0,30,0.0,157.0,26,69,0.377,0.0,6.0,0.0,9,10,0.9,9.0,9.0,18,16,3.0,1.0,22.0,18,61,5.2,0.9,2.3,0.377,0.0,0.2,0.0,0.3,0.3,0.9,0.3,0.3,0.6,0.5,0.1,0.0,0.7,0.6,2.0,0.41553133514986373,0.37681159420289856,0.46496815286624205,5.4105877354738405e-05
88,76703,DAVE FEITL,1987,0,1610612744,GOS,26.0,70,19.0,1128.0,182,404,0.45,0.0,4.0,0.0,94,134,0.701,83.0,252.0,335,53,15.0,9.0,87.0,146,458,16.1,2.6,5.8,0.45,0.0,0.1,0.0,1.3,1.9,0.701,1.2,3.6,4.8,0.8,0.2,0.1,1.2,2.1,6.5,0.4946431657162606,0.4504950495049505,0.6728723404255319,0.004972990580634653
89,76713,KENNY FIELDS,1987,0,1610612746,LAC,26.0,7,0.0,154.0,16,36,0.444,0.0,0.0,0.0,20,26,0.769,13.0,16.0,29,10,5.0,2.0,19.0,17,52,22.0,2.3,5.1,0.444,0.0,0.0,0.0,2.9,3.7,0.769,1.9,2.3,4.1,1.4,0.7,0.3,2.7,2.4,7.4,0.5480607082630692,0.4444444444444444,0.4675324675324675,5.3852112630214114e-05
90,313,VERN FLEMING,1987,0,1610612754,IND,26.0,80,80.0,2733.0,442,845,0.523,0.0,13.0,0.0,227,283,0.802,106.0,258.0,364,568,115.0,11.0,175.0,225,1111,34.2,5.5,10.6,0.523,0.0,0.2,0.0,2.8,3.5,0.802,1.3,3.2,4.6,7.1,1.4,0.1,2.2,2.8,13.9,0.5729639409192178,0.5230769230769231,0.6834979875594585,0.017957230175268166
91,76726,SLEEPY FLOYD,1987,0,1610612744,GOS,28.0,18,18.0,680.0,132,301,0.439,1.0,20.0,0.05,116,139,0.835,26.0,65.0,91,178,27.0,2.0,67.0,46,381,37.8,7.3,16.7,0.439,0.1,1.1,0.05,6.4,7.7,0.835,1.4,3.6,5.1,9.9,1.5,0.1,3.7,2.6,21.2,0.5260106030483763,0.44019933554817275,0.8573529411764705,0.002493888010682481
92,76748,TELLIS FRANK,1987,0,1610612744,GOS,23.0,78,29.0,1597.0,242,565,0.428,0.0,1.0,0.0,150,207,0.725,95.0,235.0,330,111,53.0,23.0,109.0,267,634,20.5,3.1,7.2,0.428,0.0,0.0,0.0,1.9,2.7,0.725,1.2,3.0,4.2,1.4,0.7,0.3,1.4,3.4,8.1,0.4831727838068528,0.4283185840707965,0.6048841577958672,0.009746242948278487
93,76753,WORLD FREE,1987,0,1610612745,HOU,34.0,58,0.0,682.0,143,350,0.409,8.0,35.0,0.229,80,100,0.8,14.0,30.0,44,60,20.0,3.0,49.0,74,374,11.8,2.5,6.0,0.409,0.1,0.6,0.229,1.4,1.7,0.8,0.2,0.5,0.8,1.0,0.3,0.1,0.8,1.3,6.4,0.4746192893401015,0.42,0.6290322580645161,0.002120574480909526
94,333,KEVIN GAMBLE,1987,0,1610612757,POR,22.0,9,0.0,19.0,0,3,0.0,0.0,1.0,0.0,0,0,0.0,2.0,1.0,3,1,2.0,0.0,2.0,2,0,2.1,0.0,0.3,0.0,0.0,0.1,0.0,0.0,0.0,0.0,0.2,0.1,0.3,0.1,0.2,0.0,0.2,0.2,0.0,0.0,0.0,0.10526315789473684,0.0
95,76782,WINSTON GARLAND,1987,0,1610612744,GOS,23.0,67,62.0,2122.0,340,775,0.439,13.0,39.0,0.333,138,157,0.879,68.0,159.0,227,429,116.0,7.0,167.0,188,831,31.7,5.1,11.6,0.439,0.2,0.6,0.333,2.1,2.3,0.879,1.0,2.4,3.4,6.4,1.7,0.1,2.5,2.8,12.4,0.49225191924936024,0.4470967741935484,0.6220546654099905,0.016974205759044677
96,288,ARMEN GILLIAM,1987,0,1610612756,PHX,24.0,55,53.0,1807.0,342,720,0.475,0.0,0.0,0.0,131,193,0.679,134.0,300.0,434,72,58.0,29.0,123.0,143,815,32.9,6.2,13.1,0.475,0.0,0.0,0.0,2.4,3.5,0.679,2.4,5.5,7.9,1.3,1.1,0.5,2.2,2.6,14.8,0.5062614918252746,0.475,0.6629773104593248,0.011306954858446957
97,600014,ARTIS GILMORE,1987,0,1610612741,CHI,39.0,24,23.0,372.0,41,80,0.513,0.0,0.0,0.0,19,37,0.514,15.0,48.0,63,9,5.0,12.0,28.0,54,101,15.5,1.7,3.3,0.513,0.0,0.0,0.0,0.8,1.5,0.514,0.6,2.0,2.6,0.4,0.2,0.5,1.2,2.3,4.2,0.5245118404653095,0.5125,0.3897849462365591,0.00026285207938367866
98,76826,MIKE GMINSKI,1987,0,1610612751,NJN,28.0,34,34.0,1194.0,215,474,0.454,0.0,2.0,0.0,143,166,0.861,82.0,238.0,320,55,28.0,33.0,83.0,78,573,35.1,6.3,13.9,0.454,0.0,0.1,0.0,4.2,4.9,0.861,2.4,7.0,9.4,1.6,0.8,1.0,2.4,2.3,16.9,0.523727698157356,0.45358649789029537,0.7244556113902848,0.007194363528771996
99,76834,LANCASTER GORDON,1987,0,1610612746,LAC,26.0,8,0.0,65.0,11,31,0.355,0.0,0.0,0.0,6,6,1.0,2.0,2.0,4,7,1.0,2.0,4.0,8,28,8.1,1.4,3.9,0.355,0.0,0.0,0.0,0.8,0.8,1.0,0.3,0.3,0.5,0.9,0.1,0.3,0.5,1.0,3.5,0.4161712247324614,0.3548387096774194,0.5384615384615384,1.2239116506866845e-05
100,270,HORACE GRANT,1987,0,1610612741,CHI,22.0,81,6.0,1827.0,254,507,0.501,0.0,2.0,0.0,114,182,0.626,155.0,292.0,447,89,51.0,53.0,86.0,221,622,22.6,3.1,6.3,0.501,0.0,0.0,0.0,1.4,2.2,0.626,1.9,3.6,5.5,1.1,0.6,0.7,1.1,2.7,7.7,0.5297404101655652,0.5009861932938856,0.5867542419266557,0.007950163044265306
101,76861,STUART GRAY,1987,0,1610612754,IND,25.0,74,0.0,807.0,90,193,0.466,0.0,1.0,0.0,44,73,0.603,70.0,180.0,250,44,11.0,32.0,50.0,152,224,10.9,1.2,2.6,0.466,0.0,0.0,0.0,0.6,1.0,0.603,0.9,2.4,3.4,0.6,0.1,0.4,0.7,2.1,3.0,0.4975124378109453,0.46632124352331605,0.5799256505576208,0.0010690726320676663
102,920,A.C. GREEN,1987,0,1610612747,LAL,24.0,82,64.0,2636.0,322,640,0.503,0.0,2.0,0.0,293,379,0.773,245.0,465.0,710,93,87.0,45.0,120.0,204,937,32.1,3.9,7.8,0.503,0.0,0.0,0.0,3.6,4.6,0.773,3.0,5.7,8.7,1.1,1.1,0.5,1.5,2.5,11.4,0.5807179334622441,0.503125,0.6145675265553869,0.013600244357417125
103,76874,RICKEY GREEN,1987,0,1610612762,UTH,33.0,81,3.0,1116.0,157,370,0.424,4.0,19.0,0.211,75,83,0.904,14.0,66.0,80,300,57.0,1.0,94.0,83,393,13.8,1.9,4.6,0.424,0.0,0.2,0.211,0.9,1.0,0.904,0.2,0.8,1.0,3.7,0.7,0.0,1.2,1.0,4.9,0.4833710518547673,0.4297297297297297,0.6084229390681004,0.0025011463188103866
104,76876,SIDNEY GREEN,1987,0,1610612752,NYK,27.0,82,65.0,2049.0,258,585,0.441,0.0,2.0,0.0,126,190,0.663,221.0,421.0,642,93,65.0,32.0,148.0,318,642,25.0,3.1,7.1,0.441,0.0,0.0,0.0,1.5,2.3,0.663,2.7,5.1,7.8,1.1,0.8,0.4,1.8,3.9,7.8,0.4801076877056536,0.441025641025641,0.5998047828208882,0.007763342398232344
105,76881,DAVID GREENWOOD,1987,0,1610612759,SAN,31.0,45,40.0,1236.0,151,328,0.46,0.0,2.0,0.0,83,111,0.748,92.0,208.0,300,97,33.0,22.0,74.0,134,385,27.5,3.4,7.3,0.46,0.0,0.0,0.0,1.8,2.5,0.748,2.0,4.6,6.7,2.2,0.7,0.5,1.6,3.0,8.6,0.5108268761277995,0.4603658536585366,0.5728155339805825,0.002711825230027301
106,76884,CLAUDE GREGORY,1987,0,1610612746,LAC,29.0,23,2.0,313.0,61,134,0.455,0.0,1.0,0.0,12,36,0.333,37.0,58.0,95,16,9.0,13.0,22.0,37,134,13.6,2.7,5.8,0.455,0.0,0.0,0.0,0.5,1.6,0.333,1.6,2.5,4.1,0.7,0.4,0.6,1.0,1.6,5.8,0.4471436198611852,0.4552238805970149,0.7124600638977636,0.00028205111237967535
107,76890,DARRELL GRIFFITH,1987,0,1610612762,UTH,30.0,52,11.0,1052.0,251,585,0.429,28.0,102.0,0.275,59,92,0.641,36.0,91.0,127,91,52.0,5.0,67.0,102,589,20.2,4.8,11.3,0.429,0.5,2.0,0.275,1.1,1.8,0.641,0.7,1.8,2.4,1.8,1.0,0.1,1.3,2.0,11.3,0.47083839611178613,0.452991452991453,0.7034220532319392,0.0035335674738748947
108,76901,PETUR GUDMUNDSSON,1987,0,1610612759,SAN,29.0,69,9.0,1017.0,139,280,0.496,0.0,1.0,0.0,117,145,0.807,93.0,230.0,323,86,18.0,61.0,103.0,197,395,14.7,2.0,4.1,0.496,0.0,0.0,0.0,1.7,2.1,0.807,1.3,3.3,4.7,1.2,0.3,0.9,1.5,2.9,5.7,0.5744618964514252,0.49642857142857144,0.6892822025565388,0.002289288598075941
109,76942,BOB HANSEN,1987,0,1610612762,UTH,27.0,81,51.0,1796.0,316,611,0.517,32.0,97.0,0.33,113,152,0.743,64.0,123.0,187,175,65.0,5.0,91.0,193,777,22.2,3.9,7.5,0.517,0.4,1.2,0.33,1.4,1.9,0.743,0.8,1.5,2.3,2.2,0.8,0.1,1.1,2.4,9.6,0.5731102850061958,0.5433715220949263,0.5835189309576837,0.007958105736429962
110,76944,BILL HANZLIK,1987,0,1610612743,DEN,30.0,77,0.0,1334.0,109,287,0.38,3.0,16.0,0.188,129,163,0.791,39.0,132.0,171,166,64.0,17.0,95.0,185,350,17.3,1.4,3.7,0.38,0.0,0.2,0.188,1.7,2.1,0.791,0.5,1.7,2.2,2.2,0.8,0.2,1.2,2.4,4.5,0.4878456735057984,0.38501742160278746,0.44377811094452774,0.0024657527590923115
111,157,DEREK HARPER,1987,0,1610612742,DAL,26.0,82,82.0,3032.0,536,1167,0.459,60.0,192.0,0.313,261,344,0.759,71.0,175.0,246,634,168.0,35.0,190.0,164,1393,37.0,6.5,14.2,0.459,0.7,2.3,0.313,3.2,4.2,0.759,0.9,2.1,3.0,7.7,2.0,0.4,2.3,2.0,17.0,0.5283078976910707,0.48500428449014565,0.6870052770448549,0.023861364211592004
112,166,RON HARPER,1987,0,1610612739,CLE,24.0,57,52.0,1830.0,340,732,0.464,3.0,20.0,0.15,196,278,0.705,64.0,159.0,223,281,122.0,52.0,158.0,157,879,32.1,6.0,12.8,0.464,0.1,0.4,0.15,3.4,4.9,0.705,1.1,2.8,3.9,4.9,2.1,0.9,2.8,2.8,15.4,0.5144442363517183,0.46653005464480873,0.6693989071038251,0.010963412992245194
113,76960,STEVE HARRIS,1987,0,1610612745,HOU,24.0,14,10.0,199.0,34,86,0.395,0.0,1.0,0.0,15,16,0.938,12.0,9.0,21,17,8.0,2.0,6.0,15,83,14.2,2.4,6.1,0.395,0.0,0.1,0.0,1.1,1.1,0.938,0.9,0.6,1.5,1.2,0.6,0.1,0.4,1.1,5.9,0.44604471195184864,0.3953488372093023,0.5778894472361809,0.0001373183962754349
114,76968,SCOTT HASTINGS,1987,0,1610612737,ATL,28.0,55,0.0,403.0,40,82,0.488,5.0,12.0,0.417,25,27,0.926,27.0,70.0,97,16,8.0,10.0,14.0,67,110,7.3,0.7,1.5,0.488,0.1,0.2,0.417,0.5,0.5,0.926,0.5,1.3,1.8,0.3,0.1,0.2,0.3,1.2,2.0,0.5858542820622071,0.5182926829268293,0.5186104218362283,0.00025977686157942
115,76991,DAVE HENDERSON,1987,0,1610612755,PHL,23.0,22,1.0,351.0,47,116,0.405,0.0,1.0,0.0,32,47,0.681,11.0,24.0,35,34,12.0,5.0,40.0,41,126,16.0,2.1,5.3,0.405,0.0,0.0,0.0,1.5,2.1,0.681,0.5,1.1,1.6,1.5,0.5,0.2,1.8,1.9,5.7,0.4609306409130816,0.4051724137931034,0.4415954415954416,0.00042046557478274394
116,76993,GERALD HENDERSON,1987,0,1610612752,NYK,32.0,6,2.0,69.0,5,14,0.357,2.0,4.0,0.5,2,2,1.0,1.0,9.0,10,13,2.0,0.0,8.0,14,14,11.5,0.8,2.3,0.357,0.3,0.7,0.5,0.3,0.3,1.0,0.2,1.5,1.7,2.2,0.3,0.0,1.3,2.3,2.3,0.4704301075268817,0.42857142857142855,0.42028985507246375,5.70097164386278e-06
117,76994,KEVIN HENDERSON,1987,0,1610612744,GOS,24.0,12,2.0,170.0,19,48,0.396,0.0,1.0,0.0,10,14,0.714,6.0,11.0,17,21,8.0,0.0,15.0,24,48,14.2,1.6,4.0,0.396,0.0,0.1,0.0,0.8,1.2,0.714,0.5,0.9,1.4,1.8,0.7,0.0,1.3,2.0,4.0,0.4431314623338257,0.3958333333333333,0.4176470588235294,7.854765387976318e-05
118,77002,CONNER HENRY,1987,0,1610612738,BOS,24.0,10,0.0,81.0,11,28,0.393,3.0,8.0,0.375,9,10,0.9,2.0,8.0,10,12,1.0,1.0,9.0,11,34,8.1,1.1,2.8,0.393,0.3,0.8,0.375,0.9,1.0,0.9,0.2,0.8,1.0,1.2,0.1,0.1,0.9,1.1,3.4,0.5246913580246914,0.44642857142857145,0.5802469135802469,1.770861993696233e-05
119,77019,ROD HIGGINS,1987,0,1610612744,GOS,28.0,68,67.0,2188.0,381,725,0.526,19.0,39.0,0.487,273,322,0.848,94.0,199.0,293,188,70.0,31.0,111.0,188,1054,32.2,5.6,10.7,0.526,0.3,0.6,0.487,4.0,4.7,0.848,1.4,2.9,4.3,2.8,1.0,0.5,1.6,2.8,15.5,0.6080675681912585,0.5386206896551724,0.6508226691042047,0.022198876113985737
120,77030,ROY HINSON,1987,0,1610612755,PHL,27.0,29,10.0,845.0,123,272,0.452,0.0,1.0,0.0,89,124,0.718,53.0,116.0,169,27,24.0,68.0,63.0,90,335,29.1,4.2,9.4,0.452,0.0,0.0,0.0,3.1,4.3,0.718,1.8,4.0,5.8,0.9,0.8,2.3,2.2,3.1,11.6,0.512922586967173,0.4522058823529412,0.5538461538461539,0.0026912515846250003
121,77034,CRAIG HODGES,1987,0,1610612749,MIL,28.0,43,0.0,983.0,155,345,0.449,55.0,118.0,0.466,32,39,0.821,12.0,34.0,46,109,30.0,0.0,49.0,80,397,22.9,3.6,8.0,0.449,1.3,2.7,0.466,0.7,0.9,0.821,0.3,0.8,1.1,2.5,0.7,0.0,1.1,1.9,9.2,0.5481002871658935,0.5289855072463768,0.5116988809766022,0.002339794150444475
122,77047,MICHAEL HOLTON,1987,0,1610612757,POR,26.0,82,2.0,1279.0,163,353,0.462,3.0,15.0,0.2,107,129,0.829,50.0,99.0,149,211,41.0,10.0,86.0,154,436,15.6,2.0,4.3,0.462,0.0,0.2,0.2,1.3,1.6,0.829,0.6,1.2,1.8,2.6,0.5,0.1,1.0,1.9,5.3,0.5320187426786411,0.4660056657223796,0.5551211884284597,0.0034264770184269763
123,77053,DAVE HOPPEN,1987,0,1610612749,MIL,24.0,3,0.0,35.0,4,11,0.364,0.0,0.0,0.0,3,3,1.0,4.0,3.0,7,2,0.0,0.0,2.0,3,11,11.7,1.3,3.7,0.364,0.0,0.0,0.0,1.0,1.0,1.0,1.3,1.0,2.3,0.7,0.0,0.0,0.7,1.0,3.7,0.4464285714285714,0.36363636363636365,0.5142857142857142,2.308311184138216e-06
124,77054,DENNIS HOPSON,1987,0,1610612751,NJN,23.0,61,19.0,1365.0,222,549,0.404,12.0,45.0,0.267,131,177,0.74,63.0,80.0,143,118,57.0,25.0,119.0,145,587,22.4,3.6,9.0,0.404,0.2,0.7,0.267,2.1,2.9,0.74,1.0,1.3,2.3,1.9,0.9,0.4,2.0,2.4,9.6,0.4681916794282797,0.41530054644808745,0.5340659340659341,0.008425664899901202
125,204,JEFF HORNACEK,1987,0,1610612756,PHX,25.0,82,49.0,2243.0,306,605,0.506,17.0,58.0,0.293,152,185,0.822,71.0,191.0,262,540,107.0,10.0,156.0,151,781,27.4,3.7,7.4,0.506,0.2,0.7,0.293,1.9,2.3,0.822,0.9,2.3,3.2,6.6,1.3,0.1,1.9,1.8,9.5,0.5689102564102564,0.5198347107438016,0.6362015158270173,0.01344962589438807
126,77071,PHIL HUBBARD,1987,0,1610612739,CLE,31.0,78,59.0,1631.0,237,485,0.489,0.0,5.0,0.0,182,243,0.749,117.0,164.0,281,81,50.0,7.0,118.0,167,656,20.9,3.0,6.2,0.489,0.0,0.1,0.0,2.3,3.1,0.749,1.5,2.1,3.6,1.0,0.6,0.1,1.5,2.1,8.4,0.5541289363427491,0.488659793814433,0.5518087063151441,0.007292284602641385
127,77077,EDDIE HUGHES,1987,0,1610612762,UTH,28.0,11,0.0,42.0,5,13,0.385,1.0,6.0,0.167,6,6,1.0,3.0,1.0,4,8,0.0,0.0,6.0,5,17,3.8,0.5,1.2,0.385,0.1,0.5,0.167,0.5,0.5,1.0,0.3,0.1,0.4,0.7,0.0,0.0,0.5,0.5,1.5,0.5434782608695652,0.4230769230769231,0.5476190476190477,4.071744944299927e-06
128,77081,JAY HUMPHRIES,1987,0,1610612756,PHX,25.0,50,33.0,1557.0,264,484,0.545,3.0,16.0,0.188,103,139,0.741,44.0,107.0,151,354,61.0,4.0,108.0,154,634,31.1,5.3,9.7,0.545,0.1,0.3,0.188,2.1,2.8,0.741,0.9,2.1,3.0,7.1,1.2,0.1,2.2,3.1,12.7,0.581480666226429,0.5485537190082644,0.6621708413615928,0.007578927758823126
129,77092,MARC IAVARONI,1987,0,1610612762,UTH,31.0,81,71.0,1238.0,143,308,0.464,0.0,2.0,0.0,78,99,0.788,94.0,174.0,268,67,23.0,25.0,83.0,162,364,15.3,1.8,3.8,0.464,0.0,0.0,0.0,1.0,1.2,0.788,1.2,2.1,3.3,0.8,0.3,0.3,1.0,2.0,4.5,0.5176925702582774,0.4642857142857143,0.4975767366720517,0.0025698299268063925
130,349,MARK JACKSON,1987,0,1610612752,NYK,23.0,82,80.0,3249.0,438,1013,0.432,32.0,126.0,0.254,206,266,0.774,120.0,276.0,396,868,205.0,6.0,258.0,244,1114,39.6,5.3,12.4,0.432,0.4,1.5,0.254,2.5,3.2,0.774,1.5,3.4,4.8,10.6,2.5,0.1,3.1,3.0,13.6,0.49290290609181975,0.4481737413622902,0.6525084641428132,0.021360265998130366
131,77104,MICHAEL JACKSON,1987,0,1610612758,SAC,23.0,58,0.0,760.0,64,171,0.374,6.0,25.0,0.24,23,32,0.719,17.0,42.0,59,179,20.0,5.0,58.0,81,157,13.1,1.1,2.9,0.374,0.1,0.4,0.24,0.4,0.6,0.719,0.3,0.7,1.0,3.1,0.3,0.1,1.0,1.4,2.7,0.42414091203803755,0.391812865497076,0.44342105263157894,0.0007795380334267634
132,77130,BUCK JOHNSON,1987,0,1610612745,HOU,24.0,70,2.0,879.0,155,298,0.52,1.0,8.0,0.125,67,91,0.736,77.0,91.0,168,49,30.0,26.0,54.0,127,378,12.6,2.2,4.3,0.52,0.0,0.1,0.125,1.0,1.3,0.736,1.1,1.3,2.4,0.7,0.4,0.4,0.8,1.8,5.4,0.5591054313099041,0.5218120805369127,0.6154721274175199,0.0027623469748300875
133,77136,CLEMON JOHNSON,1987,0,1610612760,SEA,31.0,74,26.0,723.0,49,105,0.467,0.0,0.0,0.0,22,32,0.688,66.0,108.0,174,17,13.0,24.0,29.0,104,120,9.8,0.7,1.4,0.467,0.0,0.0,0.0,0.3,0.4,0.688,0.9,1.5,2.4,0.2,0.2,0.3,0.4,1.4,1.6,0.5038629492777964,0.4666666666666667,0.3900414937759336,0.0004975956397774857
134,77141,DENNIS JOHNSON,1987,0,1610612738,BOS,33.0,77,74.0,2670.0,352,803,0.438,12.0,46.0,0.261,255,298,0.856,62.0,178.0,240,598,93.0,29.0,195.0,204,971,34.7,4.6,10.4,0.438,0.2,0.6,0.261,3.3,3.9,0.856,0.8,2.3,3.1,7.8,1.2,0.4,2.5,2.6,12.6,0.5197405044319787,0.44582814445828145,0.604494382022472,0.016670601594034287
135,698,EDDIE JOHNSON,1987,0,1610612756,PHX,29.0,73,59.0,2177.0,533,1110,0.48,24.0,94.0,0.255,204,240,0.85,121.0,197.0,318,180,33.0,9.0,139.0,190,1294,29.8,7.3,15.2,0.48,0.3,1.3,0.255,2.8,3.3,0.85,1.7,2.7,4.4,2.5,0.5,0.1,1.9,2.6,17.7,0.5322474498190195,0.49099099099099097,0.7593017914561323,0.021628310829751852
136,77146,FRANK JOHNSON,1987,0,1610612764,WAS,29.0,75,17.0,1258.0,216,498,0.434,1.0,9.0,0.111,121,149,0.812,39.0,82.0,121,188,70.0,4.0,99.0,120,554,16.8,2.9,6.6,0.434,0.0,0.1,0.111,1.6,2.0,0.812,0.5,1.1,1.6,2.5,0.9,0.1,1.3,1.6,7.4,0.4915182056923842,0.4347389558232932,0.6073131955484896,0.004586077203620783
137,77153,KANNARD JOHNSON,1987,0,1610612739,CLE,23.0,4,0.0,12.0,1,3,0.333,0.0,0.0,0.0,0,0,0.0,0.0,0.0,0,0,1.0,0.0,2.0,1,2,3.0,0.3,0.8,0.333,0.0,0.0,0.0,0.0,0.0,0.0,0.0,0.0,0.0,0.0,0.3,0.0,0.5,0.3,0.5,0.3333333333333333,0.3333333333333333,0.0,1.635750460433084e-07
138,134,KEVIN JOHNSON,1987,0,1610612739,CLE,22.0,52,3.0,1043.0,143,311,0.46,2.0,9.0,0.222,92,112,0.821,10.0,62.0,72,193,60.0,17.0,82.0,96,380,20.1,2.8,6.0,0.46,0.0,0.2,0.222,1.8,2.2,0.821,0.2,1.2,1.4,3.7,1.2,0.3,1.6,1.8,7.3,0.5273676029754636,0.4630225080385852,0.5397890699904123,0.002701305572866869
139,77142,MAGIC JOHNSON,1987,0,1610612747,LAL,28.0,72,70.0,2637.0,490,996,0.492,11.0,56.0,0.196,417,489,0.853,88.0,361.0,449,858,114.0,13.0,269.0,147,1408,36.6,6.8,13.8,0.492,0.2,0.8,0.196,5.8,6.8,0.853,1.2,5.0,6.2,11.9,1.6,0.2,3.7,2.0,19.6,0.5812609399253608,0.49748995983935745,0.9275692074326887,0.020444406110644592
140,77134,STEVE JOHNSON,1987,0,1610612757,POR,30.0,43,33.0,1050.0,258,488,0.529,0.0,1.0,0.0,146,249,0.586,84.0,158.0,242,57,17.0,32.0,122.0,151,662,24.4,6.0,11.3,0.529,0.0,0.0,0.0,3.4,5.8,0.586,2.0,3.7,5.6,1.3,0.4,0.7,2.8,3.5,15.4,0.5539192717049335,0.5286885245901639,0.799047619047619,0.004271083658227456
141,77167,VINNIE JOHNSON,1987,0,1610612765,DET,31.0,82,1.0,1935.0,425,959,0.443,5.0,24.0,0.208,147,217,0.677,90.0,141.0,231,267,58.0,18.0,152.0,164,1002,23.6,5.2,11.7,0.443,0.1,0.3,0.208,1.8,2.6,0.677,1.1,1.7,2.8,3.3,0.7,0.2,1.9,2.0,12.2,0.47511569683635535,0.44577685088633995,0.696640826873385,0.01131530474526485
142,77175,CALDWELL JONES,1987,0,1610612757,POR,37.0,79,77.0,1778.0,128,263,0.487,0.0,4.0,0.0,78,106,0.736,105.0,303.0,408,81,29.0,99.0,82.0,251,334,22.5,1.6,3.3,0.487,0.0,0.1,0.0,1.0,1.3,0.736,1.3,3.8,5.2,1.0,0.4,1.3,1.0,3.2,4.2,0.5393360031003747,0.4866920152091255,0.4167604049493813,0.0036489592470230056
143,279,CHARLES JONES,1987,0,1610612764,WAS,31.0,69,49.0,1313.0,72,177,0.407,0.0,1.0,0.0,53,75,0.707,106.0,219.0,325,59,53.0,113.0,57.0,226,197,19.0,1.0,2.6,0.407,0.0,0.0,0.0,0.8,1.1,0.707,1.5,3.2,4.7,0.9,0.8,1.6,0.8,3.3,2.9,0.46904761904761905,0.4067796610169492,0.3990860624523991,0.001702087600462822
144,77178,CHARLES JONES,1987,0,1610612757,POR,26.0,37,0.0,186.0,16,40,0.4,0.0,1.0,0.0,19,33,0.576,11.0,20.0,31,8,3.0,6.0,12.0,28,51,5.0,0.4,1.1,0.4,0.0,0.0,0.0,0.5,0.9,0.576,0.3,0.5,0.8,0.2,0.1,0.2,0.3,0.8,1.4,0.46771826852531184,0.4,0.41935483870967744,5.828729619039799e-05
145,893,MICHAEL JORDAN,1987,0,1610612741,CHI,25.0,82,82.0,3311.0,1069,1998,0.535,7.0,53.0,0.132,723,860,0.841,139.0,310.0,449,485,259.0,131.0,252.0,270,2868,40.4,13.0,24.4,0.535,0.1,0.6,0.132,8.8,10.5,0.841,1.7,3.8,5.5,5.9,3.2,1.6,3.1,3.3,35.0,0.6034337653593671,0.5367867867867868,1.072183630323165,0.06643323958051965
146,760,JEROME KERSEY,1987,0,1610612757,POR,26.0,79,75.0,2888.0,611,1225,0.499,3.0,15.0,0.2,291,396,0.735,211.0,446.0,657,243,127.0,65.0,161.0,302,1516,36.6,7.7,15.5,0.499,0.0,0.2,0.2,3.7,5.0,0.735,2.7,5.6,8.3,3.1,1.6,0.8,2.0,3.8,19.2,0.5417226494382665,0.5,0.7808171745152355,0.026902161762510018
147,77263,ALBERT KING,1987,0,1610612755,PHL,28.0,72,44.0,1593.0,211,540,0.391,17.0,49.0,0.347,78,103,0.757,71.0,145.0,216,109,39.0,18.0,93.0,219,517,22.1,2.9,7.5,0.391,0.2,0.7,0.347,1.1,1.4,0.757,1.0,2.0,3.0,1.5,0.5,0.3,1.3,3.0,7.2,0.44163876170300004,0.4064814814814815,0.4701820464532329,0.007829952031500635
148,77264,BERNARD KING,1987,0,1610612764,WAS,31.0,69,38.0,2044.0,470,938,0.501,1.0,6.0,0.167,247,324,0.762,86.0,194.0,280,192,49.0,10.0,211.0,202,1188,29.6,6.8,13.6,0.501,0.0,0.1,0.167,3.6,4.7,0.762,1.2,2.8,4.1,2.8,0.7,0.1,3.1,2.9,17.2,0.549714962611979,0.5015991471215352,0.708904109589041,0.015978951839477375
149,1123,GREG KITE,1987,0,1610612738,BOS,26.0,13,0.0,86.0,9,23,0.391,0.0,0.0,0.0,1,6,0.167,10.0,14.0,24,2,3.0,8.0,9.0,16,19,6.6,0.7,1.8,0.391,0.0,0.0,0.0,0.1,0.5,0.167,0.8,1.1,1.8,0.2,0.2,0.6,0.7,1.2,1.5,0.3705148205928237,0.391304347826087,0.4186046511627907,1.0506857290122166e-05
150,170,JOE KLEINE,1987,0,1610612758,SAC,26.0,82,60.0,1999.0,324,686,0.472,0.0,0.0,0.0,153,188,0.814,179.0,400.0,579,93,28.0,59.0,107.0,228,801,24.4,4.0,8.4,0.472,0.0,0.0,0.0,1.9,2.3,0.814,2.2,4.9,7.1,1.1,0.3,0.7,1.3,2.8,9.8,0.5209959413050265,0.47230320699708456,0.6833416708354177,0.010460907807449715
151,77294,BART KOFOED,1987,0,1610612762,UTH,24.0,36,0.0,225.0,18,48,0.375,2.0,7.0,0.286,8,13,0.615,4.0,11.0,15,23,6.0,1.0,18.0,42,46,6.3,0.5,1.3,0.375,0.1,0.2,0.286,0.2,0.4,0.615,0.1,0.3,0.4,0.6,0.2,0.0,0.5,1.2,1.3,0.42814594192107225,0.3958333333333333,0.29333333333333333,5.902319352031406e-05
152,402,JON KONCAK,1987,0,1610612737,ATL,25.0,49,22.0,1073.0,98,203,0.483,0.0,2.0,0.0,83,136,0.61,103.0,230.0,333,19,36.0,56.0,53.0,161,279,21.9,2.0,4.1,0.483,0.0,0.0,0.0,1.7,2.8,0.61,2.1,4.7,6.8,0.4,0.7,1.1,1.1,3.3,5.7,0.530741135291432,0.4827586206896552,0.5386766076421249,0.0017543112952954259
153,1474,LARRY KRYSTKOWIAK,1987,0,1610612749,MIL,23.0,50,7.0,1050.0,128,266,0.481,0.0,3.0,0.0,103,127,0.811,88.0,143.0,231,50,18.0,8.0,57.0,137,359,21.0,2.6,5.3,0.481,0.0,0.1,0.0,2.1,2.5,0.811,1.8,2.9,4.6,1.0,0.4,0.2,1.1,2.7,7.2,0.5576612402137443,0.48120300751879697,0.5552380952380952,0.0022600464957425992
154,100263,BILL LAIMBEER,1987,0,1610612765,DET,31.0,82,82.0,2897.0,455,923,0.493,13.0,39.0,0.333,187,214,0.874,165.0,667.0,832,199,66.0,78.0,136.0,284,1110,35.3,5.5,11.3,0.493,0.2,0.5,0.333,2.3,2.6,0.874,2.0,8.1,10.1,2.4,0.8,1.0,1.7,3.5,13.5,0.5456368712886862,0.5,0.6920952709699689,0.01876674867846004
155,77332,JEFF LAMP,1987,0,1610612747,LAL,29.0,3,0.0,7.0,0,0,0.0,0.0,0.0,0.0,2,2,1.0,0.0,0.0,0,0,0.0,0.0,0.0,1,2,2.3,0.0,0.0,0.0,0.0,0.0,0.0,0.7,0.7,1.0,0.0,0.0,0.0,0.0,0.0,0.0,0.0,0.3,0.7,1.1363636363636365,,0.2857142857142857,7.708852753996457e-08
156,77353,ALLEN LEAVELL,1987,0,1610612745,HOU,31.0,80,54.0,2150.0,291,666,0.437,19.0,88.0,0.216,218,251,0.869,22.0,126.0,148,405,124.0,9.0,130.0,162,819,26.9,3.6,8.3,0.437,0.2,1.1,0.216,2.7,3.1,0.869,0.3,1.6,1.9,5.1,1.6,0.1,1.6,2.0,10.2,0.5274071402812838,0.4512012012012012,0.5776744186046512,0.014639286679275873
157,77376,LAFAYETTE LEVER,1987,0,1610612743,DEN,27.0,82,82.0,3061.0,643,1360,0.473,12.0,57.0,0.211,248,316,0.785,203.0,462.0,665,639,223.0,21.0,182.0,214,1546,37.3,7.8,16.6,0.473,0.1,0.7,0.211,3.0,3.9,0.785,2.5,5.6,8.1,7.8,2.7,0.3,2.2,2.6,18.9,0.515663357882378,0.4772058823529412,0.8716105847762169,0.024991853879565432
158,77377,CLIFF LEVINGSTON,1987,0,1610612737,ATL,27.0,82,32.0,2135.0,314,564,0.557,1.0,2.0,0.5,190,246,0.772,228.0,276.0,504,71,52.0,84.0,94.0,287,819,26.0,3.8,6.9,0.557,0.0,0.0,0.5,2.3,3.0,0.772,2.8,3.4,6.1,0.9,0.6,1.0,1.1,3.5,10.0,0.6091574437700821,0.5576241134751773,0.6088992974238876,0.010246711661800554
159,77383,RALPH LEWIS,1987,0,1610612765,DET,25.0,50,0.0,310.0,27,87,0.31,0.0,1.0,0.0,29,48,0.604,17.0,34.0,51,14,13.0,4.0,19.0,36,83,6.2,0.5,1.7,0.31,0.0,0.0,0.0,0.6,1.0,0.604,0.3,0.7,1.0,0.3,0.3,0.1,0.4,0.7,1.7,0.38383277839437663,0.3103448275862069,0.4161290322580645,0.0001501610686098937
160,77384,REGGIE LEWIS,1987,0,1610612738,BOS,22.0,49,0.0,405.0,90,193,0.466,0.0,4.0,0.0,40,57,0.702,28.0,35.0,63,26,16.0,15.0,30.0,54,220,8.3,1.8,3.9,0.466,0.0,0.1,0.0,0.8,1.2,0.702,0.6,0.7,1.3,0.5,0.3,0.3,0.6,1.1,4.5,0.5044020542920029,0.46632124352331605,0.6888888888888889,0.0005729259391370166
161,175,ALTON LISTER,1987,0,1610612760,SEA,29.0,82,55.0,1812.0,173,343,0.504,1.0,2.0,0.5,114,188,0.606,200.0,427.0,627,58,27.0,140.0,90.0,319,461,22.1,2.1,4.2,0.504,0.0,0.0,0.5,1.4,2.3,0.606,2.4,5.2,7.6,0.7,0.3,1.7,1.1,3.9,5.6,0.5414356854270412,0.5058309037900874,0.5827814569536424,0.004790889361072
162,38,BRAD LOHAUS,1987,0,1610612738,BOS,23.0,70,4.0,718.0,122,246,0.496,3.0,13.0,0.231,50,62,0.806,46.0,92.0,138,49,20.0,41.0,59.0,123,297,10.3,1.7,3.5,0.496,0.0,0.2,0.231,0.7,0.9,0.806,0.7,1.3,2.0,0.7,0.3,0.6,0.8,1.8,4.2,0.543398711943794,0.5020325203252033,0.5919220055710307,0.0013712027476679262
163,1381,JOHN LONG,1987,0,1610612754,IND,31.0,81,81.0,2022.0,417,879,0.474,34.0,77.0,0.442,166,183,0.907,72.0,157.0,229,173,84.0,11.0,127.0,164,1034,25.0,5.1,10.9,0.474,0.4,1.0,0.442,2.0,2.3,0.907,0.9,1.9,2.8,2.1,1.0,0.1,1.6,2.0,12.8,0.538811072202768,0.4937428896473265,0.6473788328387735,0.01236480719679484
164,77419,JOHN LUCAS,1987,0,1610612749,MIL,34.0,81,22.0,1766.0,281,631,0.445,51.0,151.0,0.338,130,162,0.802,29.0,130.0,159,392,88.0,3.0,125.0,102,743,21.8,3.5,7.8,0.445,0.6,1.9,0.338,1.6,2.0,0.802,0.4,1.6,2.0,4.8,1.1,0.0,1.5,1.3,9.2,0.5289912855271401,0.4857369255150555,0.6619479048697622,0.007867072261124028
165,77420,MAURICE LUCAS,1987,0,1610612757,POR,36.0,73,0.0,1191.0,168,373,0.45,0.0,3.0,0.0,109,148,0.736,101.0,214.0,315,94,33.0,10.0,73.0,188,445,16.3,2.3,5.1,0.45,0.0,0.0,0.0,1.5,2.0,0.736,1.4,2.9,4.3,1.3,0.5,0.1,1.0,2.6,6.1,0.5078517301196019,0.450402144772118,0.6557514693534845,0.003256586078898375
166,328,RICK MAHORN,1987,0,1610612765,DET,29.0,67,64.0,1963.0,276,481,0.574,1.0,2.0,0.5,164,217,0.756,159.0,406.0,565,60,43.0,42.0,119.0,262,717,29.3,4.1,7.2,0.574,0.0,0.0,0.5,2.4,3.2,0.756,2.4,6.1,8.4,0.9,0.6,0.6,1.8,3.9,10.7,0.6218776019983348,0.5748440748440748,0.6230259806418746,0.008214043894187163
167,117,JEFF MALONE,1987,0,1610612764,WAS,27.0,80,80.0,2655.0,648,1360,0.476,10.0,24.0,0.417,335,380,0.882,44.0,162.0,206,237,51.0,13.0,172.0,198,1641,33.2,8.1,17.0,0.476,0.1,0.3,0.417,4.2,4.8,0.882,0.6,2.0,2.6,3.0,0.6,0.2,2.2,2.5,20.5,0.5372577265584075,0.4801470588235294,0.72015065913371,0.028669760313748294
168,252,KARL MALONE,1987,0,1610612762,UTH,24.0,82,82.0,3198.0,858,1650,0.52,0.0,5.0,0.0,552,789,0.7,277.0,709.0,986,199,117.0,50.0,325.0,296,2268,39.0,10.5,20.1,0.52,0.0,0.1,0.0,6.7,9.6,0.7,3.4,8.6,12.0,2.4,1.4,0.6,4.0,3.6,27.7,0.567806284924593,0.52,0.9781113195747342,0.04136222223064958
169,77449,MOSES MALONE,1987,0,1610612764,WAS,33.0,79,78.0,2692.0,531,1090,0.487,2.0,7.0,0.286,543,689,0.788,372.0,512.0,884,112,59.0,72.0,249.0,160,1607,34.1,6.7,13.8,0.487,0.0,0.1,0.286,6.9,8.7,0.788,4.7,6.5,11.2,1.4,0.7,0.9,3.2,2.0,20.3,0.5767463895030004,0.48807339449541287,0.87444279346211,0.028467012233991933
170,77456,PACE MANNION,1987,0,1610612749,MIL,27.0,35,1.0,477.0,48,118,0.407,2.0,12.0,0.167,25,37,0.676,17.0,34.0,51,55,13.0,7.0,24.0,53,123,13.6,1.4,3.4,0.407,0.1,0.3,0.167,0.7,1.1,0.676,0.5,1.0,1.5,1.6,0.4,0.2,0.7,1.5,3.5,0.4579982126899017,0.4152542372881356,0.429769392033543,0.00035176863762226827
171,77481,BILL MARTIN,1987,0,1610612756,PHX,25.0,10,0.0,101.0,16,51,0.314,0.0,1.0,0.0,8,13,0.615,9.0,18.0,27,6,5.0,0.0,9.0,16,40,10.1,1.6,5.1,0.314,0.0,0.1,0.0,0.8,1.3,0.615,0.9,1.8,2.7,0.6,0.5,0.0,0.9,1.6,4.0,0.3526093088857546,0.3137254901960784,0.6336633663366337,3.1017819337970407e-05
172,77476,MO MARTIN,1987,0,1610612743,DEN,23.0,26,0.0,136.0,23,61,0.377,1.0,4.0,0.25,10,21,0.476,13.0,11.0,24,14,6.0,3.0,10.0,21,57,5.2,0.9,2.3,0.377,0.0,0.2,0.25,0.4,0.8,0.476,0.5,0.4,0.9,0.5,0.2,0.1,0.4,0.8,2.2,0.40575170842824604,0.38524590163934425,0.625,4.0939206229350175e-05
173,77484,WES MATTHEWS,1987,0,1610612747,LAL,28.0,51,8.0,706.0,114,248,0.46,7.0,30.0,0.233,54,65,0.831,16.0,50.0,66,138,25.0,3.0,69.0,65,289,13.8,2.2,4.9,0.46,0.1,0.6,0.233,1.1,1.3,0.831,0.3,1.0,1.3,2.7,0.5,0.1,1.4,1.3,5.7,0.5224150397686189,0.4737903225806452,0.6005665722379604,0.001123477187720652
174,77487,CEDRIC MAXWELL,1987,0,1610612745,HOU,32.0,71,0.0,848.0,80,171,0.468,0.0,2.0,0.0,110,143,0.769,74.0,105.0,179,60,22.0,12.0,54.0,75,270,11.9,1.1,2.4,0.468,0.0,0.0,0.0,1.5,2.0,0.769,1.0,1.5,2.5,0.8,0.3,0.2,0.8,1.1,3.8,0.5771203830369357,0.4678362573099415,0.5365566037735849,0.0019035187994928605
175,77516,TIM MCCORMICK,1987,0,1610612755,PHL,26.0,23,17.0,601.0,71,138,0.514,0.0,0.0,0.0,37,53,0.698,49.0,95.0,144,26,14.0,8.0,35.0,75,179,26.1,3.1,6.0,0.514,0.0,0.0,0.0,1.6,2.3,0.698,2.1,4.1,6.3,1.1,0.6,0.3,1.5,3.3,7.8,0.5547979171832383,0.5144927536231884,0.5224625623960066,0.0010227754277925387
176,1622,RODNEY MCCRAY,1987,0,1610612745,HOU,26.0,81,80.0,2689.0,359,746,0.481,0.0,4.0,0.0,288,367,0.785,232.0,399.0,631,264,57.0,51.0,144.0,166,1006,33.2,4.4,9.2,0.481,0.0,0.0,0.0,3.6,4.5,0.785,2.9,4.9,7.8,3.3,0.7,0.6,1.8,2.0,12.4,0.5542821880372019,0.4812332439678284,0.6534027519523986,0.022489838505185707
177,1365,XAVIER MCDANIEL,1987,0,1610612760,SEA,25.0,78,77.0,2703.0,687,1407,0.488,14.0,50.0,0.28,281,393,0.715,206.0,312.0,518,263,96.0,52.0,223.0,230,1669,34.7,8.8,18.0,0.488,0.2,0.6,0.28,3.6,5.0,0.715,2.6,4.0,6.6,3.4,1.2,0.7,2.9,2.9,21.4,0.5281913008253583,0.49324804548685147,0.8238993710691824,0.025873751647045296
178,77524,BEN MCDONALD,1987,0,1610612744,GOS,25.0,81,41.0,2039.0,258,552,0.467,9.0,35.0,0.257,87,111,0.784,133.0,202.0,335,138,39.0,8.0,93.0,246,612,25.2,3.2,6.8,0.467,0.1,0.4,0.257,1.1,1.4,0.784,1.6,2.5,4.1,1.7,0.5,0.1,1.1,3.0,7.6,0.5092869982025164,0.47554347826086957,0.4865129965669446,0.012011899969562782
179,77530,MIKE MCGEE,1987,0,1610612737,ATL,28.0,11,0.0,117.0,22,52,0.423,5.0,19.0,0.263,2,6,0.333,4.0,12.0,16,13,5.0,0.0,7.0,6,51,10.6,2.0,4.7,0.423,0.5,1.7,0.263,0.2,0.5,0.333,0.4,1.1,1.5,1.2,0.5,0.0,0.6,0.5,4.6,0.46669106881405564,0.47115384615384615,0.6239316239316239,3.4967032101159464e-05
180,1450,KEVIN MCHALE,1987,0,1610612738,BOS,30.0,64,63.0,2390.0,550,911,0.604,0.0,0.0,0.0,346,434,0.797,159.0,377.0,536,171,27.0,92.0,141.0,179,1446,37.3,8.6,14.2,0.604,0.0,0.0,0.0,5.4,6.8,0.797,2.5,5.9,8.4,2.7,0.4,1.4,2.2,2.8,22.6,0.656103669824676,0.6037321624588364,0.8418410041841005,0.02222219607296499
181,77541,KEVIN MCKENNA,1987,0,1610612751,NJN,29.0,31,2.0,393.0,43,109,0.394,16.0,50.0,0.32,24,25,0.96,4.0,27.0,31,40,15.0,2.0,19.0,55,126,12.7,1.4,3.5,0.394,0.5,1.6,0.32,0.8,0.8,0.96,0.1,0.9,1.0,1.3,0.5,0.1,0.6,1.8,4.1,0.525,0.46788990825688076,0.4529262086513995,0.0005207107281867916
182,365,DERRICK MCKEY,1987,0,1610612760,SEA,21.0,82,4.0,1706.0,255,519,0.491,11.0,30.0,0.367,173,224,0.772,115.0,213.0,328,107,70.0,63.0,108.0,237,694,20.8,3.1,6.3,0.491,0.1,0.4,0.367,2.1,2.7,0.772,1.4,2.6,4.0,1.3,0.9,0.8,1.3,2.9,8.5,0.5618887233629122,0.5019267822736031,0.5984759671746777,0.006790402536347523
183,203,NATE MCMILLAN,1987,0,1610612760,SEA,23.0,82,82.0,2453.0,235,496,0.474,9.0,24.0,0.375,145,205,0.707,117.0,221.0,338,702,169.0,47.0,189.0,238,624,29.9,2.9,6.0,0.474,0.1,0.3,0.375,1.8,2.5,0.707,1.4,2.7,4.1,8.6,2.1,0.6,2.3,2.9,7.6,0.5322415557830091,0.48286290322580644,0.6013045250713412,0.008778880971985752
184,77558,MARK MCNAMARA,1987,0,1610612755,PHL,29.0,42,18.0,581.0,52,133,0.391,0.0,0.0,0.0,48,66,0.727,66.0,91.0,157,18,4.0,12.0,26.0,67,152,13.8,1.2,3.2,0.391,0.0,0.0,0.0,1.1,1.6,0.727,1.6,2.2,3.7,0.4,0.1,0.3,0.6,1.6,3.6,0.46901999506294745,0.39097744360902253,0.5180722891566265,0.000839600141098306
185,77560,CHRIS MCNEALY,1987,0,1610612752,NYK,26.0,19,0.0,265.0,23,74,0.311,0.0,0.0,0.0,21,31,0.677,24.0,40.0,64,23,16.0,2.0,17.0,50,67,13.9,1.2,3.9,0.311,0.0,0.0,0.0,1.1,1.6,0.677,1.3,2.1,3.4,1.2,0.8,0.1,0.9,2.6,3.5,0.38224554997717936,0.3108108108108108,0.5169811320754717,0.00010478338668404106
186,397,REGGIE MILLER,1987,0,1610612754,IND,22.0,82,1.0,1840.0,306,627,0.488,61.0,172.0,0.355,149,186,0.801,95.0,95.0,190,132,53.0,19.0,101.0,157,822,22.4,3.7,7.6,0.488,0.7,2.1,0.355,1.8,2.3,0.801,1.2,1.2,2.3,1.6,0.6,0.2,1.2,1.9,10.0,0.579820551887591,0.5366826156299841,0.5668478260869565,0.008944896079780183
187,77609,DIRK MINNIEFIELD,1987,0,1610612744,GOS,27.0,11,0.0,202.0,25,48,0.521,1.0,5.0,0.2,14,23,0.609,8.0,13.0,21,38,15.0,0.0,16.0,26,65,18.4,2.3,4.4,0.521,0.1,0.5,0.2,1.3,2.1,0.609,0.7,1.2,1.9,3.5,1.4,0.0,1.5,2.4,5.9,0.5591878871300757,0.53125,0.5346534653465347,0.0001263885656178052
188,77615,MIKE MITCHELL,1987,0,1610612759,SAN,32.0,68,20.0,1501.0,378,784,0.482,3.0,12.0,0.25,160,194,0.825,54.0,144.0,198,68,31.0,13.0,52.0,101,919,22.1,5.6,11.5,0.482,0.0,0.2,0.25,2.4,2.9,0.825,0.8,2.1,2.9,1.0,0.5,0.2,0.8,1.5,13.5,0.5285497377381062,0.4840561224489796,0.7548301132578281,0.007861016364012588
189,77623,PAUL MOKESKI,1987,0,1610612749,MIL,31.0,60,0.0,848.0,100,210,0.476,0.0,4.0,0.0,51,72,0.708,70.0,151.0,221,22,27.0,29.0,49.0,194,251,14.1,1.7,3.5,0.476,0.0,0.1,0.0,0.9,1.2,0.708,1.2,2.5,3.7,0.4,0.5,0.5,0.8,3.2,4.2,0.5192816948030453,0.47619047619047616,0.5247641509433962,0.0012761543348609118
190,77626,SIDNEY MONCRIEF,1987,0,1610612749,MIL,30.0,56,51.0,1428.0,217,444,0.489,5.0,31.0,0.161,164,196,0.837,58.0,122.0,180,204,41.0,12.0,86.0,109,603,25.5,3.9,7.9,0.489,0.1,0.6,0.161,2.9,3.5,0.837,1.0,2.2,3.2,3.6,0.7,0.2,1.5,1.9,10.8,0.5686104405552203,0.49436936936936937,0.6309523809523809,0.005162726825149277
191,77632,ANDRE MOORE,1987,0,1610612743,DEN,23.0,7,0.0,34.0,7,24,0.292,0.0,0.0,0.0,6,6,1.0,5.0,7.0,12,5,2.0,1.0,3.0,4,20,4.9,1.0,3.4,0.292,0.0,0.0,0.0,0.9,0.9,1.0,0.7,1.0,1.7,0.7,0.3,0.1,0.4,0.6,2.9,0.37537537537537535,0.2916666666666667,1.0,3.591158441171068e-06
192,77633,JOHNNY MOORE,1987,0,1610612759,SAN,30.0,4,0.0,51.0,4,9,0.444,0.0,1.0,0.0,0,0,0.0,1.0,3.0,4,11,3.0,0.0,4.0,1,8,12.8,1.0,2.3,0.444,0.0,0.3,0.0,0.0,0.0,0.0,0.3,0.8,1.0,2.8,0.8,0.0,1.0,0.3,2.0,0.4444444444444444,0.4444444444444444,0.37254901960784315,2.3251054802907135e-06
193,77637,RON MOORE,1987,0,1610612765,DET,26.0,9,0.0,25.0,4,13,0.308,0.0,0.0,0.0,2,4,0.5,2.0,0.0,2,1,2.0,0.0,3.0,8,10,2.8,0.4,1.4,0.308,0.0,0.0,0.0,0.2,0.4,0.5,0.2,0.0,0.2,0.1,0.2,0.0,0.3,0.9,1.1,0.33875338753387535,0.3076923076923077,0.4,1.4590076623580808e-06
194,904,CHRIS MULLIN,1987,0,1610612744,GOS,24.0,60,55.0,2033.0,470,926,0.508,34.0,97.0,0.351,239,270,0.885,58.0,147.0,205,290,113.0,32.0,156.0,136,1213,33.9,7.8,15.4,0.508,0.6,1.6,0.351,4.0,4.5,0.885,1.0,2.5,3.4,4.8,1.9,0.5,2.6,2.3,20.2,0.5804938744257274,0.5259179265658748,0.76340383669454,0.023737842199688546
195,77670,JAY MURPHY,1987,0,1610612764,WAS,26.0,9,0.0,46.0,8,23,0.348,0.0,0.0,0.0,4,5,0.8,4.0,12.0,16,1,0.0,0.0,5.0,5,20,5.1,0.9,2.6,0.348,0.0,0.0,0.0,0.4,0.6,0.8,0.4,1.3,1.8,0.1,0.0,0.0,0.6,0.6,2.2,0.39682539682539686,0.34782608695652173,0.6956521739130435,6.0539493484746294e-06
196,77673,RONNIE MURPHY,1987,0,1610612757,POR,23.0,18,0.0,89.0,14,49,0.286,1.0,4.0,0.25,7,11,0.636,5.0,6.0,11,6,5.0,1.0,8.0,14,36,4.9,0.8,2.7,0.286,0.1,0.2,0.25,0.4,0.6,0.636,0.3,0.3,0.6,0.3,0.3,0.1,0.4,0.8,2.0,0.3343239227340267,0.29591836734693877,0.5056179775280899,1.9687170250267253e-05
197,77674,TOD MURPHY,1987,0,1610612746,LAC,24.0,1,0.0,19.0,1,1,1.0,0.0,0.0,0.0,3,4,0.75,1.0,1.0,2,2,1.0,0.0,0.0,2,5,19.0,1.0,1.0,1.0,0.0,0.0,0.0,3.0,4.0,0.75,1.0,1.0,2.0,2.0,1.0,0.0,0.0,2.0,5.0,0.9057971014492754,1.0,0.47368421052631576,6.388549825012913e-07
198,939,PETE MYERS,1987,0,1610612759,SAN,24.0,22,0.0,328.0,43,95,0.453,0.0,4.0,0.0,26,39,0.667,11.0,26.0,37,48,17.0,6.0,33.0,30,112,14.9,2.0,4.3,0.453,0.0,0.2,0.0,1.2,1.8,0.667,0.5,1.2,1.7,2.2,0.8,0.3,1.5,1.4,5.1,0.49928673323823114,0.45263157894736844,0.5,0.00020935067383323443
199,77685,LARRY NANCE,1987,0,1610612756,PHX,29.0,40,34.0,1477.0,327,616,0.531,2.0,5.0,0.4,187,249,0.751,119.0,275.0,394,123,45.0,96.0,106.0,152,843,36.9,8.2,15.4,0.531,0.1,0.1,0.4,4.7,6.2,0.751,3.0,6.9,9.9,3.1,1.1,2.4,2.7,3.8,21.1,0.580930591543084,0.5324675324675324,0.8490182802979012,0.009559561399435562
200,77691,CALVIN NATT,1987,0,1610612743,DEN,31.0,27,7.0,533.0,102,208,0.49,0.0,1.0,0.0,54,73,0.74,35.0,61.0,96,47,13.0,3.0,30.0,43,258,19.7,3.8,7.7,0.49,0.0,0.0,0.0,2.0,2.7,0.74,1.3,2.3,3.6,1.7,0.5,0.1,1.1,1.6,9.6,0.5372313843078461,0.49038461538461536,0.6960600375234521,0.000726227296881174
201,77697,ED NEALY,1987,0,1610612759,SAN,28.0,68,1.0,837.0,50,109,0.459,1.0,2.0,0.5,41,63,0.651,82.0,140.0,222,49,29.0,5.0,27.0,94,142,12.3,0.7,1.6,0.459,0.0,0.0,0.5,0.6,0.9,0.651,1.2,2.1,3.3,0.7,0.4,0.1,0.4,1.4,2.1,0.5193095377413692,0.463302752293578,0.46117084826762245,0.0006773237420452757
202,77704,MARTIN NESSLEY,1987,0,1610612746,LAC,23.0,35,0.0,295.0,18,49,0.367,0.0,0.0,0.0,7,14,0.5,20.0,53.0,73,16,7.0,11.0,21.0,78,43,8.4,0.5,1.4,0.367,0.0,0.0,0.0,0.2,0.4,0.5,0.6,1.5,2.1,0.5,0.2,0.3,0.6,2.2,1.2,0.3897751994198695,0.3673469387755102,0.376271186440678,8.53039521371461e-05
203,77707,CHUCK NEVITT,1987,0,1610612765,DET,29.0,17,0.0,63.0,7,21,0.333,0.0,0.0,0.0,3,6,0.5,4.0,14.0,18,0,1.0,5.0,2.0,12,17,3.7,0.4,1.2,0.333,0.0,0.0,0.0,0.2,0.4,0.5,0.2,0.8,1.1,0.0,0.1,0.3,0.1,0.7,1.0,0.3595600676818951,0.3333333333333333,0.5238095238095238,6.250388825542018e-06
204,271,JOHNNY NEWMAN,1987,0,1610612752,NYK,24.0,77,25.0,1589.0,270,620,0.435,26.0,93.0,0.28,207,246,0.841,87.0,72.0,159,62,72.0,11.0,103.0,204,773,20.6,3.5,8.1,0.435,0.3,1.2,0.28,2.7,3.2,0.841,1.1,0.9,2.1,0.8,0.9,0.1,1.3,2.6,10.0,0.5307316269361749,0.45645161290322583,0.5607300188797986,0.0072489506907264184
205,77719,KURT NIMPHIUS,1987,0,1610612759,SAN,30.0,72,7.0,919.0,128,257,0.498,0.0,1.0,0.0,60,83,0.723,62.0,91.0,153,53,22.0,56.0,49.0,141,316,12.8,1.8,3.6,0.498,0.0,0.0,0.0,0.8,1.2,0.723,0.9,1.3,2.1,0.7,0.3,0.8,0.7,2.0,4.4,0.5382938130280731,0.4980544747081712,0.514689880304679,0.0016549508134763341
206,80,KEN NORMAN,1987,0,1610612746,LAC,23.0,66,28.0,1435.0,241,500,0.482,0.0,10.0,0.0,87,170,0.512,100.0,163.0,263,78,44.0,34.0,103.0,123,569,21.7,3.7,7.6,0.482,0.0,0.2,0.0,1.3,2.6,0.512,1.5,2.5,4.0,1.2,0.7,0.5,1.6,1.9,8.6,0.494954766875435,0.482,0.562369337979094,0.005490891326705703
207,77754,MIKE O'KOREN,1987,0,1610612751,NJN,30.0,4,0.0,52.0,9,16,0.563,0.0,1.0,0.0,0,4,0.0,1.0,3.0,4,2,3.0,2.0,0.0,2,18,13.0,2.3,4.0,0.563,0.0,0.3,0.0,0.0,1.0,0.0,0.3,0.8,1.0,0.5,0.8,0.5,0.0,0.5,4.5,0.5067567567567567,0.5625,0.46153846153846156,9.842587373941537e-06
208,891,CHARLES OAKLEY,1987,0,1610612741,CHI,24.0,82,82.0,2816.0,375,776,0.483,3.0,12.0,0.25,261,359,0.727,326.0,740.0,1066,248,68.0,28.0,241.0,272,1014,34.3,4.6,9.5,0.483,0.0,0.1,0.25,3.2,4.4,0.727,4.0,9.0,13.0,3.0,0.8,0.3,2.9,3.3,12.4,0.542849800848002,0.485180412371134,0.7411221590909091,0.019976422227245317
209,165,HAKEEM OLAJUWON,1987,0,1610612745,HOU,25.0,79,79.0,2825.0,712,1385,0.514,0.0,4.0,0.0,381,548,0.695,302.0,657.0,959,163,162.0,214.0,243.0,324,1805,35.8,9.0,17.5,0.514,0.0,0.1,0.0,4.8,6.9,0.695,3.8,8.3,12.1,2.1,2.1,2.7,3.1,4.1,22.8,0.5550020908666028,0.5140794223826715,0.9500884955752212,0.04239290836156548
210,77757,JAWANN OLDHAM,1987,0,1610612758,SAC,30.0,54,13.0,946.0,119,250,0.476,0.0,0.0,0.0,59,87,0.678,82.0,222.0,304,33,12.0,110.0,62.0,143,297,17.5,2.2,4.6,0.476,0.0,0.0,0.0,1.1,1.6,0.678,1.5,4.1,5.6,0.6,0.2,2.0,1.1,2.6,5.5,0.5151241848203136,0.476,0.6046511627906976,0.001835572954640046
211,77770,LOUIS ORR,1987,0,1610612752,NYK,30.0,29,0.0,180.0,16,50,0.32,0.0,1.0,0.0,8,16,0.5,13.0,21.0,34,9,6.0,0.0,14.0,27,40,6.2,0.6,1.7,0.32,0.0,0.0,0.0,0.3,0.6,0.5,0.4,0.7,1.2,0.3,0.2,0.0,0.5,0.9,1.4,0.3506311360448808,0.32,0.38333333333333336,4.249171411574743e-05
212,305,ROBERT PARISH,1987,0,1610612738,BOS,34.0,74,73.0,2312.0,442,750,0.589,0.0,1.0,0.0,177,241,0.734,173.0,455.0,628,115,55.0,84.0,154.0,198,1061,31.2,6.0,10.1,0.589,0.0,0.0,0.0,2.4,3.3,0.734,2.3,6.1,8.5,1.6,0.7,1.1,2.1,2.7,14.3,0.6197140320545769,0.5893333333333334,0.7136678200692042,0.015773351990271085
213,77819,JIM PAXSON,1987,0,1610612757,POR,30.0,17,1.0,263.0,43,107,0.402,3.0,8.0,0.375,14,18,0.778,8.0,10.0,18,27,7.0,1.0,11.0,29,103,15.5,2.5,6.3,0.402,0.2,0.5,0.375,0.8,1.1,0.778,0.5,0.6,1.1,1.6,0.4,0.1,0.6,1.7,6.1,0.44813783501566307,0.4158878504672897,0.5209125475285171,0.00016644998592680698
214,77820,JOHN PAXSON,1987,0,1610612741,CHI,27.0,81,30.0,1888.0,287,582,0.493,33.0,95.0,0.347,33,45,0.733,16.0,88.0,104,303,49.0,1.0,64.0,154,640,23.3,3.5,7.2,0.493,0.4,1.2,0.347,0.4,0.6,0.733,0.2,1.1,1.3,3.7,0.6,0.0,0.8,1.9,7.9,0.5317381189764041,0.5214776632302406,0.520656779661017,0.008453354214864435
215,64,SAM PERKINS,1987,0,1610612742,DAL,27.0,75,75.0,2499.0,394,876,0.45,5.0,30.0,0.167,273,332,0.822,201.0,400.0,601,118,74.0,54.0,119.0,227,1066,33.3,5.3,11.7,0.45,0.1,0.4,0.167,3.6,4.4,0.822,2.7,5.3,8.0,1.6,1.0,0.7,1.6,3.0,14.2,0.5214855979962429,0.4526255707762557,0.6666666666666666,0.015050066438876233
216,456,CHUCK PERSON,1987,0,1610612754,IND,24.0,79,71.0,2807.0,575,1252,0.459,59.0,177.0,0.333,132,197,0.67,171.0,365.0,536,309,73.0,8.0,210.0,266,1341,35.5,7.3,15.8,0.459,0.7,2.2,0.333,1.7,2.5,0.67,2.2,4.6,6.8,3.9,0.9,0.1,2.7,3.4,17.0,0.5008665252338124,0.48282747603833864,0.7039543997149982,0.02226162431229473
217,77839,JIM PETERSEN,1987,0,1610612745,HOU,26.0,69,50.0,1793.0,249,488,0.51,1.0,6.0,0.167,114,153,0.745,145.0,291.0,436,106,36.0,40.0,119.0,203,613,26.0,3.6,7.1,0.51,0.0,0.1,0.167,1.7,2.2,0.745,2.1,4.2,6.3,1.5,0.5,0.6,1.7,2.9,8.9,0.5519340200244903,0.5112704918032787,0.5778025655326269,0.009137729927462432
218,77852,MIKE PHELPS,1987,0,1610612746,LAC,26.0,2,0.0,23.0,3,7,0.429,0.0,0.0,0.0,3,4,0.75,0.0,2.0,2,3,5.0,0.0,2.0,1,9,11.5,1.5,3.5,0.429,0.0,0.0,0.0,1.5,2.0,0.75,0.0,1.0,1.0,1.5,2.5,0.0,1.0,0.5,4.5,0.5136986301369864,0.42857142857142855,0.5217391304347826,1.3920313829238663e-06
219,894,RICKY PIERCE,1987,0,1610612749,MIL,28.0,37,0.0,965.0,248,486,0.51,3.0,14.0,0.214,107,122,0.877,30.0,53.0,83,73,21.0,7.0,57.0,94,606,26.1,6.7,13.1,0.51,0.1,0.4,0.214,2.9,3.3,0.877,0.8,1.4,2.2,2.0,0.6,0.2,1.5,2.5,16.4,0.5614438185591463,0.5133744855967078,0.7305699481865285,0.003506174798369318
220,291,ED PINCKNEY,1987,0,1610612758,SAC,25.0,79,7.0,1177.0,179,343,0.522,0.0,2.0,0.0,133,178,0.747,94.0,136.0,230,66,39.0,32.0,77.0,118,491,14.9,2.3,4.3,0.522,0.0,0.0,0.0,1.7,2.3,0.747,1.2,1.7,2.9,0.8,0.5,0.4,1.0,1.5,6.2,0.5826924902686794,0.521865889212828,0.6032285471537808,0.0037755655907103633
221,937,SCOTTIE PIPPEN,1987,0,1610612741,CHI,22.0,79,0.0,1650.0,261,564,0.463,4.0,23.0,0.174,99,172,0.576,115.0,183.0,298,169,91.0,52.0,131.0,214,625,20.9,3.3,7.1,0.463,0.1,0.3,0.174,1.3,2.2,0.576,1.5,2.3,3.8,2.1,1.2,0.7,1.7,2.7,7.9,0.4885255127563781,0.46631205673758863,0.5824242424242424,0.007214580189088113
222,178,OLDEN POLYNICE,1987,0,1610612760,SEA,23.0,82,0.0,1080.0,118,254,0.465,0.0,2.0,0.0,101,158,0.639,122.0,208.0,330,33,32.0,26.0,81.0,215,337,13.2,1.4,3.1,0.465,0.0,0.0,0.0,1.2,1.9,0.639,1.5,2.5,4.0,0.4,0.4,0.3,1.0,2.6,4.1,0.5208333333333334,0.4645669291338583,0.5731481481481482,0.0020874240324275438
223,345,TERRY PORTER,1987,0,1610612757,POR,25.0,82,82.0,2991.0,462,890,0.519,24.0,69.0,0.348,274,324,0.846,65.0,313.0,378,831,150.0,16.0,244.0,204,1222,36.5,5.6,10.9,0.519,0.3,0.8,0.348,3.3,4.0,0.846,0.8,3.8,4.6,10.1,1.8,0.2,3.0,2.5,14.9,0.5917331680483459,0.5325842696629214,0.7311935807422267,0.022458379100832492
224,77879,PAUL PRESSEY,1987,0,1610612749,MIL,29.0,75,75.0,2484.0,345,702,0.491,8.0,39.0,0.205,285,357,0.798,130.0,245.0,375,523,112.0,34.0,198.0,233,983,33.1,4.6,9.4,0.491,0.1,0.5,0.205,3.8,4.8,0.798,1.7,3.3,5.0,7.0,1.5,0.5,2.6,3.1,13.1,0.5721236671788424,0.49715099715099714,0.677536231884058,0.014639921082378026
225,77881,HAROLD PRESSLEY,1987,0,1610612758,SAC,24.0,80,49.0,2029.0,318,702,0.453,36.0,110.0,0.327,103,130,0.792,139.0,230.0,369,185,84.0,55.0,135.0,211,775,25.4,4.0,8.8,0.453,0.5,1.4,0.327,1.3,1.6,0.792,1.7,2.9,4.6,2.3,1.1,0.7,1.7,2.6,9.7,0.5104056902002108,0.47863247863247865,0.5884672252341054,0.01027324898686515
226,899,MARK PRICE,1987,0,1610612739,CLE,24.0,80,79.0,2626.0,493,974,0.506,72.0,148.0,0.486,221,252,0.877,54.0,126.0,180,480,99.0,12.0,184.0,119,1279,32.8,6.2,12.2,0.506,0.9,1.9,0.486,2.8,3.2,0.877,0.7,1.6,2.3,6.0,1.2,0.2,2.3,1.5,16.0,0.5894661160681365,0.5431211498973306,0.6683168316831684,0.02289133261223092
227,77905,KURT RAMBIS,1987,0,1610612747,LAL,30.0,70,20.0,845.0,102,186,0.548,0.0,0.0,0.0,73,93,0.785,103.0,165.0,268,54,39.0,13.0,59.0,103,277,12.1,1.5,2.7,0.548,0.0,0.0,0.0,1.0,1.3,0.785,1.5,2.4,3.8,0.8,0.6,0.2,0.8,1.5,4.0,0.6103472589458839,0.5483870967741935,0.6390532544378699,0.0012888375856172718
228,78656,BLAIR RASMUSSEN,1987,0,1610612743,DEN,25.0,79,45.0,1779.0,435,884,0.492,0.0,0.0,0.0,132,170,0.776,130.0,307.0,437,78,22.0,81.0,73.0,241,1002,22.5,5.5,11.2,0.492,0.0,0.0,0.0,1.7,2.2,0.776,1.6,3.9,5.5,1.0,0.3,1.0,0.9,3.1,12.7,0.5225281602002504,0.4920814479638009,0.8116919617762788,0.009413894424377968
229,77936,ROBERT REID,1987,0,1610612745,HOU,32.0,62,31.0,980.0,165,356,0.463,13.0,34.0,0.382,50,63,0.794,38.0,87.0,125,67,27.0,5.0,41.0,118,393,15.8,2.7,5.7,0.463,0.2,0.5,0.382,0.8,1.0,0.794,0.6,1.4,2.0,1.1,0.4,0.1,0.7,1.9,6.3,0.5120921505264254,0.48174157303370785,0.5551020408163265,0.003201962047679421
230,77939,RICHARD RELLFORD,1987,0,1610612759,SAN,24.0,4,0.0,42.0,5,8,0.625,0.0,0.0,0.0,6,8,0.75,2.0,5.0,7,1,0.0,3.0,4.0,3,16,10.5,1.3,2.0,0.625,0.0,0.0,0.0,1.5,2.0,0.75,0.5,1.3,1.8,0.3,0.0,0.8,1.0,0.8,4.0,0.6944444444444444,0.625,0.47619047619047616,3.82958549694941e-06
231,77946,JERRY REYNOLDS,1987,0,1610612749,MIL,25.0,62,21.0,1161.0,188,419,0.449,3.0,7.0,0.429,119,154,0.773,70.0,90.0,160,104,74.0,32.0,104.0,97,498,18.7,3.0,6.8,0.449,0.0,0.1,0.429,1.9,2.5,0.773,1.1,1.5,2.6,1.7,1.2,0.5,1.7,1.6,8.0,0.5115457309557071,0.4522673031026253,0.5667527993109388,0.0034665318021367937
232,470,DOC RIVERS,1987,0,1610612737,ATL,26.0,80,80.0,2502.0,403,890,0.453,9.0,33.0,0.273,319,421,0.758,83.0,283.0,366,747,140.0,41.0,210.0,272,1134,31.3,5.0,11.1,0.453,0.1,0.4,0.273,4.0,5.3,0.758,1.0,3.5,4.6,9.3,1.8,0.5,2.6,3.4,14.2,0.5273241322867452,0.45786516853932585,0.8141486810551559,0.016626586431304262
233,122,FRED ROBERTS,1987,0,1610612738,BOS,27.0,74,14.0,1032.0,161,330,0.488,0.0,6.0,0.0,128,165,0.776,60.0,102.0,162,81,16.0,15.0,68.0,118,450,13.9,2.2,4.5,0.488,0.0,0.1,0.0,1.7,2.2,0.776,0.8,1.4,2.2,1.1,0.2,0.2,0.9,1.6,6.1,0.5588673621460506,0.48787878787878786,0.6056201550387597,0.0029861594403505103
234,926,ALVIN ROBERTSON,1987,0,1610612759,SAN,25.0,82,82.0,2978.0,655,1408,0.465,27.0,95.0,0.284,273,365,0.748,165.0,333.0,498,557,243.0,69.0,251.0,300,1610,36.3,8.0,17.2,0.465,0.3,1.2,0.284,3.3,4.5,0.748,2.0,4.1,6.1,6.8,3.0,0.8,3.1,3.7,19.6,0.5131964809384164,0.4747869318181818,0.8106111484217595,0.02732329469042218
235,77986,CLIFF T. ROBINSON,1987,0,1610612755,PHL,28.0,62,51.0,2110.0,483,1041,0.464,2.0,9.0,0.222,210,293,0.717,116.0,289.0,405,131,79.0,39.0,161.0,192,1178,34.0,7.8,16.8,0.464,0.0,0.1,0.222,3.4,4.7,0.717,1.9,4.7,6.5,2.1,1.3,0.6,2.6,3.1,19.0,0.503453227571116,0.46493756003842457,0.7360189573459716,0.02363091447041317
236,23,DENNIS RODMAN,1987,0,1610612765,DET,27.0,82,32.0,2147.0,398,709,0.561,5.0,17.0,0.294,152,284,0.535,318.0,397.0,715,110,75.0,45.0,156.0,273,953,26.2,4.9,8.6,0.561,0.1,0.2,0.294,1.9,3.5,0.535,3.9,4.8,8.7,1.3,0.9,0.5,1.9,3.3,11.6,0.5713703295122068,0.5648801128349789,0.7554727526781556,0.011941049787527632
237,78007,JOHNNY ROGERS,1987,0,1610612739,CLE,24.0,24,0.0,168.0,26,61,0.426,0.0,2.0,0.0,10,13,0.769,8.0,19.0,27,3,4.0,3.0,10.0,23,62,7.0,1.1,2.5,0.426,0.0,0.1,0.0,0.4,0.5,0.769,0.3,0.8,1.1,0.1,0.2,0.1,0.4,1.0,2.6,0.4646282973621103,0.4262295081967213,0.4880952380952381,7.099156998279585e-05
238,78014,TREE ROLLINS,1987,0,1610612737,ATL,33.0,76,59.0,1765.0,133,260,0.512,0.0,0.0,0.0,70,80,0.875,142.0,317.0,459,20,31.0,132.0,51.0,229,336,23.2,1.8,3.4,0.512,0.0,0.0,0.0,0.9,1.1,0.875,1.9,4.2,6.0,0.3,0.4,1.7,0.7,3.0,4.4,0.5691056910569106,0.5115384615384615,0.43286118980169974,0.003475255357343994
239,78022,SCOTT ROTH,1987,0,1610612762,UTH,25.0,26,0.0,201.0,30,74,0.405,2.0,11.0,0.182,22,30,0.733,7.0,21.0,28,16,12.0,0.0,11.0,37,84,7.7,1.2,2.8,0.405,0.1,0.4,0.182,0.8,1.2,0.733,0.3,0.8,1.1,0.6,0.5,0.0,0.4,1.4,3.2,0.481651376146789,0.4189189189189189,0.582089552238806,9.628479221226884e-05
240,78031,BRIAN ROWSOM,1987,0,1610612754,IND,22.0,4,0.0,16.0,0,6,0.0,0.0,0.0,0.0,6,6,1.0,1.0,4.0,5,1,1.0,0.0,1.0,3,6,4.0,0.0,1.5,0.0,0.0,0.0,0.0,1.5,1.5,1.0,0.3,1.0,1.3,0.3,0.3,0.0,0.3,0.8,1.5,0.3472222222222222,0.0,0.6875,5.677496718362541e-07
241,78048,WALKER RUSSELL,1987,0,1610612765,DET,27.0,1,0.0,1.0,0,1,0.0,0.0,1.0,0.0,0,0,0.0,0.0,0.0,0,1,0.0,0.0,0.0,0,0,1.0,0.0,1.0,0.0,0.0,1.0,0.0,0.0,0.0,0.0,0.0,0.0,0.0,1.0,0.0,0.0,0.0,0.0,0.0,0.0,0.0,1.0,0.0
242,927,JOHN SALLEY,1987,0,1610612765,DET,24.0,82,16.0,2003.0,258,456,0.566,0.0,0.0,0.0,185,261,0.709,166.0,236.0,402,113,53.0,137.0,120.0,294,701,24.4,3.1,5.6,0.566,0.0,0.0,0.0,2.3,3.2,0.709,2.0,2.9,4.9,1.4,0.6,1.7,1.5,3.6,8.5,0.61400742765048,0.5657894736842105,0.54717923115327,0.008194388142959873
243,78055,RALPH SAMPSON,1987,0,1610612745,HOU,27.0,19,19.0,705.0,119,271,0.439,2.0,6.0,0.333,63,85,0.741,58.0,114.0,172,37,17.0,33.0,62.0,63,303,37.1,6.3,14.3,0.439,0.1,0.3,0.333,3.3,4.5,0.741,3.1,6.0,9.1,1.9,0.9,1.7,3.3,3.3,15.9,0.49124513618677046,0.44280442804428044,0.6382978723404256,0.0017759441315237045
244,78059,MIKE SANDERS,1987,0,1610612756,PHX,28.0,35,5.0,466.0,82,171,0.48,0.0,1.0,0.0,39,53,0.736,28.0,34.0,62,30,18.0,4.0,27.0,73,203,13.3,2.3,4.9,0.48,0.0,0.0,0.0,1.1,1.5,0.736,0.8,1.0,1.8,0.9,0.5,0.1,0.8,2.1,5.8,0.5223342939481268,0.47953216374269003,0.575107296137339,0.0007262929885478525
245,7,DAN SCHAYES,1987,0,1610612743,DEN,29.0,81,74.0,2166.0,361,668,0.54,0.0,2.0,0.0,407,487,0.836,200.0,462.0,662,106,62.0,92.0,155.0,323,1129,26.7,4.5,8.2,0.54,0.0,0.0,0.0,5.0,6.0,0.836,2.5,5.7,8.2,1.3,0.8,1.1,1.9,4.0,13.9,0.6398195584168291,0.5404191616766467,0.804247460757156,0.012914513423908688
246,78087,RUSS SCHOENE,1987,0,1610612760,SEA,28.0,81,2.0,973.0,208,454,0.458,17.0,58.0,0.293,51,63,0.81,78.0,120.0,198,53,39.0,13.0,57.0,151,484,12.0,2.6,5.6,0.458,0.2,0.7,0.293,0.6,0.8,0.81,1.0,1.5,2.4,0.7,0.5,0.2,0.7,1.9,6.0,0.5023665199701071,0.47687224669603523,0.696813977389517,0.0027009417915132656
247,96,DETLEF SCHREMPF,1987,0,1610612742,DAL,25.0,82,4.0,1587.0,246,539,0.456,5.0,32.0,0.156,201,266,0.756,102.0,177.0,279,159,42.0,32.0,108.0,189,698,19.4,3.0,6.6,0.456,0.1,0.4,0.156,2.5,3.2,0.756,1.2,2.2,3.4,1.9,0.5,0.4,1.3,2.3,8.5,0.5319797573318701,0.461038961038961,0.647763074984247,0.006258169269985898
248,2,BYRON SCOTT,1987,0,1610612747,LAL,27.0,81,81.0,3048.0,710,1348,0.527,62.0,179.0,0.346,272,317,0.858,76.0,257.0,333,335,155.0,27.0,161.0,204,1754,37.6,8.8,16.6,0.527,0.8,2.2,0.346,3.4,3.9,0.858,0.9,3.2,4.1,4.1,1.9,0.3,2.0,2.5,21.7,0.5895877591631484,0.5497032640949555,0.7417979002624672,0.02943786208756702
249,78102,CAREY SCURRY,1987,0,1610612762,UTH,25.0,29,0.0,447.0,54,116,0.466,3.0,8.0,0.375,27,39,0.692,29.0,52.0,81,49,47.0,22.0,41.0,78,138,15.4,1.9,4.0,0.466,0.1,0.3,0.375,0.9,1.3,0.692,1.0,1.8,2.8,1.7,1.6,0.8,1.4,2.7,4.8,0.5181736257134275,0.47844827586206895,0.5078299776286354,0.0003517782333810718
250,78110,BRAD SELLERS,1987,0,1610612741,CHI,25.0,82,76.0,2212.0,326,714,0.457,1.0,7.0,0.143,124,157,0.79,107.0,143.0,250,141,34.0,66.0,91.0,174,777,27.0,4.0,8.7,0.457,0.0,0.1,0.143,1.5,1.9,0.79,1.3,1.7,3.0,1.7,0.4,0.8,1.1,2.1,9.5,0.4961178934463911,0.4572829131652661,0.4868896925858951,0.012024118420276632
251,78139,PURVIS SHORT,1987,0,1610612745,HOU,30.0,81,11.0,1949.0,474,986,0.481,5.0,21.0,0.238,206,240,0.858,71.0,151.0,222,162,58.0,14.0,118.0,197,1159,24.1,5.9,12.2,0.481,0.1,0.3,0.238,2.5,3.0,0.858,0.9,1.9,2.7,2.0,0.7,0.2,1.5,2.4,14.3,0.5308721143275925,0.4832657200811359,0.7311441765007696,0.01877988069752458
252,78146,JERRY SICHTING,1987,0,1610612738,BOS,31.0,24,1.0,370.0,44,82,0.537,2.0,8.0,0.25,8,12,0.667,5.0,16.0,21,60,14.0,0.0,14.0,30,98,15.4,1.8,3.4,0.537,0.1,0.3,0.25,0.3,0.5,0.667,0.2,0.7,0.9,2.5,0.6,0.0,0.6,1.3,4.1,0.5614115490375802,0.5487804878048781,0.44594594594594594,0.00023315706569145025
253,78149,JACK SIKMA,1987,0,1610612749,MIL,32.0,82,82.0,2923.0,514,1058,0.486,3.0,14.0,0.214,321,348,0.922,195.0,514.0,709,279,93.0,80.0,157.0,316,1352,35.6,6.3,12.9,0.486,0.0,0.2,0.214,3.9,4.2,0.922,2.4,6.3,8.6,3.4,1.1,1.0,1.9,3.9,16.5,0.5581610410198825,0.4872400756143667,0.7468354430379747,0.023694040871041763
254,101,SCOTT SKILES,1987,0,1610612754,IND,24.0,51,2.0,760.0,86,209,0.411,6.0,20.0,0.3,45,54,0.833,11.0,55.0,66,180,22.0,3.0,76.0,97,223,14.9,1.7,4.1,0.411,0.1,0.4,0.3,0.9,1.1,0.833,0.2,1.1,1.3,3.5,0.4,0.1,1.5,1.9,4.4,0.47903419831586186,0.4258373205741627,0.5171052631578947,0.0010023147331542537
255,78183,DEREK SMITH,1987,0,1610612758,SAC,26.0,35,18.0,899.0,174,364,0.478,8.0,23.0,0.348,87,113,0.77,35.0,68.0,103,89,21.0,17.0,48.0,108,443,25.7,5.0,10.4,0.478,0.2,0.7,0.348,2.5,3.2,0.77,1.0,1.9,2.9,2.5,0.6,0.5,1.4,3.1,12.7,0.5353862515711109,0.489010989010989,0.6529477196885428,0.002601881315608804
256,181,KENNY SMITH,1987,0,1610612758,SAC,23.0,61,60.0,2170.0,331,694,0.477,12.0,39.0,0.308,167,204,0.819,40.0,98.0,138,434,92.0,8.0,184.0,140,841,35.6,5.4,11.4,0.477,0.2,0.6,0.308,2.7,3.3,0.819,0.7,1.6,2.3,7.1,1.5,0.1,3.0,2.3,13.8,0.5365162804940288,0.48559077809798273,0.5663594470046083,0.01192284214601777
257,78195,LARRY SMITH,1987,0,1610612744,GOS,30.0,20,10.0,499.0,58,123,0.472,0.0,1.0,0.0,11,27,0.407,79.0,103.0,182,25,12.0,11.0,36.0,63,127,25.0,2.9,6.2,0.472,0.0,0.1,0.0,0.6,1.4,0.407,4.0,5.2,9.1,1.3,0.6,0.6,1.8,3.2,6.4,0.4707888493475682,0.4715447154471545,0.5971943887775552,0.0006100245673189009
258,78198,OTIS SMITH,1987,0,1610612743,DEN,24.0,15,6.0,191.0,37,93,0.398,0.0,0.0,0.0,21,28,0.75,16.0,14.0,30,11,5.0,6.0,12.0,23,95,12.7,2.5,6.2,0.398,0.0,0.0,0.0,1.4,1.9,0.75,1.1,0.9,2.0,0.7,0.3,0.4,0.8,1.5,6.3,0.45100645651348276,0.3978494623655914,0.6492146596858639,9.582583811036622e-05
259,1091,MIKE SMREK,1987,0,1610612747,LAL,25.0,48,2.0,421.0,44,103,0.427,0.0,0.0,0.0,44,66,0.667,27.0,58.0,85,8,7.0,42.0,30.0,105,132,8.8,0.9,2.1,0.427,0.0,0.0,0.0,0.9,1.4,0.667,0.6,1.2,1.8,0.2,0.1,0.9,0.6,2.2,2.8,0.49984853074825814,0.42718446601941745,0.46318289786223277,0.0003059974037464936
260,600009,RORY SPARROW,1987,0,1610612752,NYK,30.0,3,0.0,52.0,5,19,0.263,0.0,1.0,0.0,0,0,0.0,1.0,1.0,2,5,4.0,0.0,6.0,7,10,17.3,1.7,6.3,0.263,0.0,0.3,0.0,0.0,0.0,0.0,0.3,0.3,0.7,1.7,1.3,0.0,2.0,2.3,3.3,0.2631578947368421,0.2631578947368421,0.21153846153846154,3.0688460194706474e-06
261,78257,STEVE STIPANOVICH,1987,0,1610612754,IND,27.0,80,80.0,2692.0,411,828,0.496,3.0,15.0,0.2,254,314,0.809,157.0,505.0,662,183,90.0,69.0,156.0,302,1079,33.7,5.1,10.4,0.496,0.0,0.2,0.2,3.2,3.9,0.809,2.0,6.3,8.3,2.3,1.1,0.9,2.0,3.8,13.5,0.5583961248654468,0.49818840579710144,0.6567607726597325,0.017178378164513213
262,304,JOHN STOCKTON,1987,0,1610612762,UTH,26.0,82,79.0,2842.0,454,791,0.574,24.0,67.0,0.358,272,324,0.84,54.0,183.0,237,1128,242.0,16.0,262.0,247,1204,34.7,5.5,9.6,0.574,0.3,0.8,0.358,3.3,4.0,0.84,0.7,2.2,2.9,13.8,3.0,0.2,3.2,3.0,14.7,0.6448433951754574,0.5891276864728192,0.8117522871217453,0.0195133985358085
263,78271,JOHN STROEDER,1987,0,1610612749,MIL,29.0,41,0.0,271.0,29,79,0.367,0.0,2.0,0.0,20,30,0.667,24.0,47.0,71,20,3.0,12.0,24.0,48,78,6.6,0.7,1.9,0.367,0.0,0.0,0.0,0.5,0.7,0.667,0.6,1.1,1.7,0.5,0.1,0.3,0.6,1.2,1.9,0.4229934924078091,0.3670886075949367,0.5350553505535055,0.00012673527742938602
264,78279,JON SUNDVOLD,1987,0,1610612759,SAN,26.0,52,12.0,1024.0,176,379,0.464,26.0,64.0,0.406,43,48,0.896,14.0,34.0,48,183,27.0,2.0,57.0,54,421,19.7,3.4,7.3,0.464,0.5,1.2,0.406,0.8,0.9,0.896,0.3,0.7,0.9,3.5,0.5,0.0,1.1,1.0,8.1,0.5260921723482955,0.49868073878627966,0.5810546875,0.002456770276900117
265,78293,ROY TARPLEY,1987,0,1610612742,DAL,23.0,81,9.0,2307.0,444,888,0.5,0.0,5.0,0.0,205,277,0.74,360.0,599.0,959,86,103.0,86.0,172.0,313,1093,28.5,5.5,11.0,0.5,0.0,0.1,0.0,2.5,3.4,0.74,4.4,7.4,11.8,1.1,1.3,1.1,2.1,3.9,13.5,0.541153404364875,0.5,0.8521889900303424,0.014245664524351883
266,78304,TERRY TEAGLE,1987,0,1610612744,GOS,28.0,47,4.0,958.0,248,546,0.454,1.0,9.0,0.111,97,121,0.802,41.0,40.0,81,61,32.0,4.0,80.0,95,594,20.4,5.3,11.6,0.454,0.0,0.2,0.111,2.1,2.6,0.802,0.9,0.9,1.7,1.3,0.7,0.1,1.7,2.0,12.6,0.4956277952072625,0.4551282051282051,0.6847599164926931,0.005477659256812132
267,78310,REGGIE THEUS,1987,0,1610612758,SAC,30.0,73,73.0,2653.0,619,1318,0.47,16.0,59.0,0.271,320,385,0.831,72.0,160.0,232,463,59.0,16.0,234.0,173,1574,36.3,8.5,18.1,0.47,0.2,0.8,0.271,4.4,5.3,0.831,1.0,2.2,3.2,6.3,0.8,0.2,3.2,2.4,21.6,0.5291112007529918,0.4757207890743551,0.7670561628345269,0.02728136163107789
268,78318,ISIAH THOMAS,1987,0,1610612765,DET,27.0,81,81.0,2927.0,621,1341,0.463,30.0,97.0,0.309,305,394,0.774,64.0,214.0,278,678,141.0,17.0,273.0,217,1577,36.1,7.7,16.6,0.463,0.4,1.2,0.309,3.8,4.9,0.774,0.8,2.6,3.4,8.4,1.7,0.2,3.4,2.7,19.5,0.5206820042790353,0.4742729306487696,0.7721216262384695,0.02693841131807102
269,78323,BERNARD THOMPSON,1987,0,1610612756,PHX,25.0,37,7.0,566.0,74,159,0.465,0.0,2.0,0.0,43,60,0.717,40.0,36.0,76,51,21.0,1.0,21.0,75,191,15.3,2.0,4.3,0.465,0.0,0.1,0.0,1.2,1.6,0.717,1.1,1.0,2.1,1.4,0.6,0.0,0.6,2.0,5.2,0.5151024811218986,0.46540880503144655,0.5247349823321554,0.0008300030637006505
270,1631,BILLY THOMPSON,1987,0,1610612747,LAL,24.0,9,0.0,38.0,3,13,0.231,0.0,0.0,0.0,8,10,0.8,2.0,7.0,9,1,1.0,0.0,6.0,11,14,4.2,0.3,1.4,0.231,0.0,0.0,0.0,0.9,1.1,0.8,0.2,0.8,1.0,0.1,0.1,0.0,0.7,1.2,1.6,0.40229885057471265,0.23076923076923078,0.47368421052631576,2.9293640465186536e-06
271,78,LASALLE THOMPSON,1987,0,1610612758,SAC,27.0,69,9.0,1257.0,215,456,0.471,2.0,5.0,0.4,118,164,0.72,138.0,289.0,427,68,54.0,73.0,109.0,217,550,18.2,3.1,6.6,0.471,0.0,0.1,0.4,1.7,2.4,0.72,2.0,4.2,6.2,1.0,0.8,1.1,1.6,3.1,8.0,0.5206755528627689,0.47368421052631576,0.7446300715990454,0.004516708174736783
272,78331,MYCHAL THOMPSON,1987,0,1610612747,LAL,33.0,80,0.0,2007.0,370,722,0.512,0.0,3.0,0.0,185,292,0.634,198.0,291.0,489,66,38.0,79.0,113.0,251,925,25.1,4.6,9.0,0.512,0.0,0.0,0.0,2.3,3.7,0.634,2.5,3.6,6.1,0.8,0.5,1.0,1.4,3.1,11.6,0.5438105540400715,0.5124653739612188,0.6811160936721475,0.01022235172605398
273,738,BOB THORNTON,1987,0,1610612752,NYK,25.0,7,0.0,85.0,6,19,0.316,0.0,0.0,0.0,5,8,0.625,5.0,8.0,13,4,2.0,0.0,8.0,23,17,12.1,0.9,2.7,0.316,0.0,0.0,0.0,0.7,1.1,0.625,0.7,1.1,1.9,0.6,0.3,0.0,1.1,3.3,2.4,0.3774422735346359,0.3157894736842105,0.3058823529411765,8.527850957952088e-06
274,901,OTIS THORPE,1987,0,1610612758,SAC,25.0,82,82.0,3072.0,622,1226,0.507,0.0,6.0,0.0,460,609,0.755,279.0,558.0,837,266,62.0,56.0,228.0,264,1704,37.5,7.6,15.0,0.507,0.0,0.1,0.0,5.6,7.4,0.755,3.4,6.8,10.2,3.2,0.8,0.7,2.8,3.2,20.8,0.570296393477737,0.5073409461663948,0.8395182291666666,0.03419911489375358
275,9,SEDALE THREATT,1987,0,1610612741,CHI,26.0,45,0.0,701.0,132,263,0.502,2.0,20.0,0.1,32,41,0.78,12.0,43.0,55,107,27.0,3.0,44.0,71,298,15.6,2.9,5.8,0.502,0.0,0.4,0.1,0.7,0.9,0.78,0.3,1.0,1.2,2.4,0.6,0.1,1.0,1.6,6.6,0.5301736407628806,0.5057034220532319,0.5934379457917262,0.0014614413307540643
276,47,WAYMAN TISDALE,1987,0,1610612754,IND,24.0,79,57.0,2378.0,511,998,0.512,0.0,2.0,0.0,246,314,0.783,168.0,323.0,491,103,54.0,34.0,145.0,274,1268,30.1,6.5,12.6,0.512,0.0,0.0,0.0,3.1,4.0,0.783,2.1,4.1,6.2,1.3,0.7,0.4,1.8,3.5,16.1,0.5580199971834953,0.5120240480961924,0.7220353238015139,0.017832686005068172
277,78348,RAY TOLBERT,1987,0,1610612752,NYK,29.0,11,0.0,177.0,19,41,0.463,0.0,0.0,0.0,9,17,0.529,14.0,21.0,35,5,5.0,2.0,10.0,25,47,16.1,1.7,3.7,0.463,0.0,0.0,0.0,0.8,1.5,0.529,1.3,1.9,3.2,0.5,0.5,0.2,0.9,2.3,4.3,0.4847359735973597,0.4634146341463415,0.4350282485875706,4.9095634684569844e-05
278,78351,ANDREW TONEY,1987,0,1610612755,PHL,30.0,29,15.0,522.0,72,171,0.421,9.0,27.0,0.333,58,72,0.806,8.0,39.0,47,108,11.0,6.0,50.0,35,211,18.0,2.5,5.9,0.421,0.3,0.9,0.333,2.0,2.5,0.806,0.3,1.3,1.6,3.7,0.4,0.2,1.7,1.2,7.3,0.5205249654627985,0.4473684210526316,0.6053639846743295,0.0010471423899453035
279,78352,SEDRIC TONEY,1987,0,1610612752,NYK,26.0,21,0.0,139.0,21,48,0.438,5.0,14.0,0.357,10,11,0.909,3.0,5.0,8,24,9.0,1.0,12.0,20,57,6.6,1.0,2.3,0.438,0.2,0.7,0.357,0.5,0.5,0.909,0.1,0.2,0.4,1.1,0.4,0.0,0.6,1.0,2.7,0.5393641180923543,0.4895833333333333,0.5539568345323741,4.675859040820373e-05
280,78369,KELLY TRIPUCKA,1987,0,1610612762,UTH,29.0,49,21.0,976.0,139,303,0.459,31.0,74.0,0.419,59,68,0.868,30.0,87.0,117,105,34.0,4.0,68.0,68,368,19.9,2.8,6.2,0.459,0.6,1.5,0.419,1.2,1.4,0.868,0.6,1.8,2.4,2.1,0.7,0.1,1.4,1.4,7.5,0.5526853298089631,0.5099009900990099,0.5348360655737705,0.0020482359778071653
281,78375,TRENT TUCKER,1987,0,1610612752,NYK,28.0,71,4.0,1248.0,193,455,0.424,69.0,167.0,0.413,51,71,0.718,32.0,87.0,119,117,53.0,6.0,47.0,158,506,17.6,2.7,6.4,0.424,1.0,2.4,0.413,0.7,1.0,0.718,0.5,1.2,1.7,1.6,0.7,0.1,0.7,2.2,7.1,0.5203191839420862,0.5,0.5568910256410257,0.003726806606045154
282,78377,ANDRE TURNER,1987,0,1610612745,HOU,23.0,12,0.0,99.0,12,34,0.353,1.0,7.0,0.143,10,14,0.714,4.0,4.0,8,23,7.0,1.0,12.0,13,35,8.3,1.0,2.8,0.353,0.1,0.6,0.143,0.8,1.2,0.714,0.3,0.3,0.7,1.9,0.6,0.1,1.0,1.1,2.9,0.43575697211155384,0.36764705882352944,0.5454545454545454,2.8807183089809404e-05
283,78378,ELSTON TURNER,1987,0,1610612741,CHI,29.0,17,0.0,98.0,8,30,0.267,0.0,0.0,0.0,1,2,0.5,8.0,2.0,10,9,8.0,0.0,10.0,5,17,5.8,0.5,1.8,0.267,0.0,0.0,0.0,0.1,0.1,0.5,0.5,0.1,0.6,0.5,0.5,0.0,0.6,0.3,1.0,0.275259067357513,0.26666666666666666,0.2653061224489796,1.1655263607292893e-05
284,78386,MEL TURPIN,1987,0,1610612762,UTH,27.0,79,0.0,1011.0,199,389,0.512,1.0,3.0,0.333,71,98,0.724,88.0,148.0,236,32,26.0,68.0,71.0,157,470,12.8,2.5,4.9,0.512,0.0,0.0,0.333,0.9,1.2,0.724,1.1,1.9,3.0,0.4,0.3,0.9,0.9,2.0,5.9,0.5438304174766269,0.512853470437018,0.6597428288822947,0.002709763368603636
285,78390,TERRY TYLER,1987,0,1610612758,SAC,31.0,74,28.0,1185.0,184,407,0.452,1.0,7.0,0.143,41,64,0.641,87.0,155.0,242,56,43.0,47.0,43.0,85,410,16.0,2.5,5.5,0.452,0.0,0.1,0.143,0.6,0.9,0.641,1.2,2.1,3.3,0.8,0.6,0.6,0.6,1.1,5.5,0.47109109293133555,0.4533169533169533,0.5611814345991561,0.0031741414141836484
286,78395,DARNELL VALENTINE,1987,0,1610612746,LAC,29.0,79,31.0,1636.0,223,533,0.418,15.0,33.0,0.455,101,136,0.743,37.0,119.0,156,382,122.0,8.0,148.0,135,562,20.7,2.8,6.7,0.418,0.2,0.4,0.455,1.3,1.7,0.743,0.5,1.5,2.0,4.8,1.5,0.1,1.9,1.7,7.1,0.4739896093381013,0.4324577861163227,0.5819070904645477,0.006182986466011866
287,78404,KIKI VANDEWEGHE,1987,0,1610612757,POR,29.0,37,7.0,1038.0,283,557,0.508,22.0,58.0,0.379,159,181,0.878,36.0,73.0,109,71,21.0,7.0,48.0,68,747,28.1,7.6,15.1,0.508,0.6,1.6,0.379,4.3,4.9,0.878,1.0,2.0,2.9,1.9,0.6,0.2,1.3,1.8,20.2,0.5866737873837647,0.5278276481149012,0.846820809248555,0.004764405802644733
288,78418,JAY VINCENT,1987,0,1610612743,DEN,29.0,73,8.0,1755.0,446,958,0.466,1.0,4.0,0.25,231,287,0.805,80.0,229.0,309,143,46.0,26.0,137.0,198,1124,24.0,6.1,13.1,0.466,0.0,0.1,0.25,3.2,3.9,0.805,1.1,3.1,4.2,2.0,0.6,0.4,1.9,2.7,15.4,0.5183163020621979,0.4660751565762004,0.81994301994302,0.01041763377091599
289,78417,SAM VINCENT,1987,0,1610612760,SEA,25.0,43,0.0,548.0,72,152,0.474,5.0,13.0,0.385,46,60,0.767,17.0,32.0,49,137,21.0,4.0,52.0,63,195,12.7,1.7,3.5,0.474,0.1,0.3,0.385,1.1,1.4,0.767,0.4,0.7,1.1,3.2,0.5,0.1,1.2,1.5,4.5,0.54652466367713,0.4901315789473684,0.6003649635036497,0.0006128754041796004
290,78423,DANNY VRANES,1987,0,1610612755,PHL,29.0,57,5.0,772.0,53,121,0.438,0.0,3.0,0.0,15,35,0.429,45.0,72.0,117,36,27.0,33.0,25.0,100,121,13.5,0.9,2.1,0.438,0.0,0.1,0.0,0.3,0.6,0.429,0.8,1.3,2.1,0.6,0.5,0.6,0.4,1.8,2.1,0.4435483870967742,0.4380165289256198,0.3225388601036269,0.0008880868781170734
291,78426,MARK WADE,1987,0,1610612744,GOS,22.0,11,0.0,123.0,3,20,0.15,0.0,2.0,0.0,2,4,0.5,3.0,12.0,15,34,7.0,1.0,13.0,13,8,11.2,0.3,1.8,0.15,0.0,0.2,0.0,0.2,0.4,0.5,0.3,1.1,1.4,3.1,0.6,0.1,1.2,1.2,0.7,0.1838235294117647,0.15,0.35772357723577236,9.471922967853796e-06
292,78429,MILT WAGNER,1987,0,1610612747,LAL,25.0,40,4.0,380.0,62,147,0.422,2.0,10.0,0.2,26,29,0.897,4.0,24.0,28,61,6.0,4.0,22.0,42,152,9.5,1.6,3.7,0.422,0.1,0.3,0.2,0.7,0.7,0.897,0.1,0.6,0.7,1.5,0.2,0.1,0.6,1.1,3.8,0.4757135703555333,0.42857142857142855,0.5763157894736842,0.00031804523933631095
293,78430,GRANVILLE WAITERS,1987,0,1610612741,CHI,27.0,22,0.0,114.0,9,29,0.31,0.0,1.0,0.0,0,2,0.0,9.0,19.0,28,1,2.0,15.0,6.0,26,18,5.2,0.4,1.3,0.31,0.0,0.0,0.0,0.0,0.1,0.0,0.4,0.9,1.3,0.0,0.1,0.7,0.3,1.2,0.8,0.30120481927710846,0.3103448275862069,0.35964912280701755,1.4355702834432783e-05
294,78437,DARRELL WALKER,1987,0,1610612764,WAS,27.0,52,0.0,940.0,114,291,0.392,0.0,6.0,0.0,82,105,0.781,43.0,84.0,127,100,62.0,10.0,69.0,105,310,18.1,2.2,5.6,0.392,0.0,0.1,0.0,1.6,2.0,0.781,0.8,1.6,2.4,1.9,1.2,0.2,1.3,2.0,6.0,0.4596678529062871,0.3917525773195876,0.4978723404255319,0.0019175226523320725
295,78440,KENNY WALKER,1987,0,1610612752,NYK,23.0,82,61.0,2139.0,344,728,0.473,0.0,1.0,0.0,138,178,0.775,192.0,197.0,389,86,63.0,59.0,83.0,290,826,26.1,4.2,8.9,0.473,0.0,0.0,0.0,1.7,2.2,0.775,2.3,2.4,4.7,1.0,0.8,0.7,1.0,3.5,10.1,0.5122035916261534,0.4725274725274725,0.5694249649368864,0.010427077136625024
296,78445,JAMIE WALLER,1987,0,1610612751,NJN,23.0,9,0.0,91.0,16,40,0.4,0.0,2.0,0.0,10,18,0.556,9.0,4.0,13,3,4.0,1.0,11.0,13,42,10.1,1.8,4.4,0.4,0.0,0.2,0.0,1.1,2.0,0.556,1.0,0.4,1.4,0.3,0.4,0.1,1.2,1.4,4.7,0.4382303839732888,0.4,0.5164835164835165,4.019056511026127e-05
297,78463,CHRIS WASHBURN,1987,0,1610612744,GOS,23.0,8,0.0,86.0,14,32,0.438,0.0,0.0,0.0,5,8,0.625,9.0,11.0,20,3,1.0,0.0,7.0,10,33,10.8,1.8,4.0,0.438,0.0,0.0,0.0,0.6,1.0,0.625,1.1,1.4,2.5,0.4,0.1,0.0,0.9,1.3,4.1,0.464527027027027,0.4375,0.5697674418604651,2.731841197435881e-05
298,78464,DUANE WASHINGTON,1987,0,1610612751,NJN,23.0,15,0.0,156.0,18,42,0.429,2.0,4.0,0.5,16,20,0.8,5.0,17.0,22,34,12.0,0.0,9.0,23,54,10.4,1.2,2.8,0.429,0.1,0.3,0.5,1.1,1.3,0.8,0.3,1.1,1.5,2.3,0.8,0.0,0.6,1.5,3.6,0.531496062992126,0.4523809523809524,0.6474358974358975,8.858328636547382e-05
299,78465,DWAYNE WASHINGTON,1987,0,1610612751,NJN,24.0,68,10.0,1379.0,245,547,0.448,11.0,49.0,0.224,132,189,0.698,54.0,64.0,118,206,91.0,4.0,141.0,163,633,20.3,3.6,8.0,0.448,0.2,0.7,0.224,1.9,2.8,0.698,0.8,0.9,1.7,3.0,1.3,0.1,2.1,2.4,9.3,0.5022533959629301,0.4579524680073126,0.5917331399564902,0.009179127582078188
300,78467,KERMIT WASHINGTON,1987,0,1610612744,GOS,36.0,6,1.0,56.0,7,14,0.5,0.0,0.0,0.0,2,2,1.0,9.0,10.0,19,0,4.0,4.0,4.0,13,16,9.3,1.2,2.3,0.5,0.0,0.0,0.0,0.3,0.3,1.0,1.5,1.7,3.2,0.0,0.7,0.7,0.7,2.2,2.7,0.5376344086021505,0.5,0.5535714285714286,8.624840426013212e-06
301,892,SPUD WEBB,1987,0,1610612737,ATL,24.0,82,1.0,1347.0,191,402,0.475,1.0,19.0,0.053,107,131,0.817,16.0,130.0,146,337,63.0,11.0,131.0,125,490,16.4,2.3,4.9,0.475,0.0,0.2,0.053,1.3,1.6,0.817,0.2,1.6,1.8,4.1,0.8,0.1,1.6,1.5,6.0,0.533025846314507,0.4763681592039801,0.6250927988121752,0.003867821383899494
302,1846,CHRIS WELP,1987,0,1610612755,PHL,24.0,10,0.0,132.0,18,31,0.581,0.0,0.0,0.0,12,18,0.667,11.0,13.0,24,5,5.0,5.0,9.0,25,48,13.2,1.8,3.1,0.581,0.0,0.0,0.0,1.2,1.8,0.667,1.1,1.3,2.4,0.5,0.5,0.5,0.9,2.5,4.8,0.6166495375128468,0.5806451612903226,0.5151515151515151,6.023764034331538e-05
303,82,BILL WENNINGTON,1987,0,1610612742,DAL,25.0,30,0.0,125.0,25,49,0.51,1.0,2.0,0.5,12,19,0.632,14.0,25.0,39,4,5.0,9.0,9.0,33,63,4.2,0.8,1.6,0.51,0.0,0.1,0.5,0.4,0.6,0.632,0.5,0.8,1.3,0.1,0.2,0.3,0.3,1.1,2.1,0.549163179916318,0.5204081632653061,0.776,4.449031890660592e-05
304,770,MARK WEST,1987,0,1610612739,CLE,27.0,54,12.0,1183.0,182,316,0.576,0.0,0.0,0.0,95,153,0.621,83.0,198.0,281,50,25.0,79.0,91.0,158,459,21.9,3.4,5.9,0.576,0.0,0.0,0.0,1.8,2.8,0.621,1.5,3.7,5.2,0.9,0.5,1.5,1.7,2.9,8.5,0.5987164770948555,0.5759493670886076,0.5908706677937448,0.0037008649698490976
305,941,ENNIS WHATLEY,1987,0,1610612737,ATL,25.0,5,0.0,24.0,4,9,0.444,0.0,0.0,0.0,3,4,0.75,0.0,4.0,4,2,2.0,0.0,4.0,3,11,4.8,0.8,1.8,0.444,0.0,0.0,0.0,0.6,0.8,0.75,0.0,0.8,0.8,0.4,0.4,0.0,0.8,0.6,2.2,0.5111524163568774,0.4444444444444444,0.5416666666666666,1.5470582327310372e-06
306,78504,CLINTON WHEELER,1987,0,1610612754,IND,28.0,59,0.0,513.0,62,132,0.47,0.0,0.0,0.0,25,34,0.735,19.0,21.0,40,103,36.0,2.0,52.0,37,149,8.7,1.1,2.2,0.47,0.0,0.0,0.0,0.4,0.6,0.735,0.3,0.4,0.7,1.7,0.6,0.0,0.9,0.6,2.5,0.5069406641262928,0.4696969696969697,0.4678362573099415,0.0004520529340223725
307,78507,ERIC WHITE,1987,0,1610612746,LAC,22.0,17,4.0,352.0,66,124,0.532,1.0,1.0,1.0,45,57,0.789,31.0,31.0,62,9,7.0,3.0,21.0,32,178,20.7,3.9,7.3,0.532,0.1,0.1,1.0,2.6,3.4,0.789,1.8,1.8,3.6,0.5,0.4,0.2,1.2,1.9,10.5,0.5969949020660048,0.5362903225806451,0.6477272727272727,0.0004213483977221148
308,78514,TONY WHITE,1987,0,1610612741,CHI,23.0,2,0.0,2.0,0,0,0.0,0.0,0.0,0.0,0,0,0.0,0.0,0.0,0,0,0.0,0.0,0.0,0,0,1.0,0.0,0.0,0.0,0.0,0.0,0.0,0.0,0.0,0.0,0.0,0.0,0.0,0.0,0.0,0.0,0.0,0.0,0.0,,,0.0,0.0
309,78516,JEROME WHITEHEAD,1987,0,1610612744,GOS,31.0,72,27.0,1221.0,174,360,0.483,0.0,0.0,0.0,59,82,0.72,109.0,212.0,321,39,32.0,21.0,49.0,209,407,17.0,2.4,5.0,0.483,0.0,0.0,0.0,0.8,1.1,0.72,1.5,2.9,4.5,0.5,0.4,0.3,0.7,2.9,5.7,0.5137850939204202,0.48333333333333334,0.588042588042588,0.004783580999091505
310,1122,DOMINIQUE WILKINS,1987,0,1610612737,ATL,28.0,78,76.0,2948.0,909,1957,0.464,38.0,129.0,0.295,541,655,0.826,211.0,291.0,502,224,103.0,47.0,218.0,162,2397,37.8,11.7,25.1,0.464,0.5,1.7,0.295,6.9,8.4,0.826,2.7,3.7,6.4,2.9,1.3,0.6,2.8,2.1,30.7,0.5338054516301444,0.4741951967296883,0.9854138398914518,0.04140933418639531
311,786,GERALD WILKINS,1987,0,1610612752,NYK,24.0,81,78.0,2703.0,591,1324,0.446,39.0,129.0,0.302,191,243,0.786,106.0,164.0,270,326,90.0,22.0,212.0,183,1412,33.4,7.3,16.3,0.446,0.5,1.6,0.302,2.4,3.0,0.786,1.3,2.0,3.3,4.0,1.1,0.3,2.6,2.3,17.4,0.49338886869985743,0.46110271903323263,0.6644469108398077,0.02252436191609303
312,433,BUCK WILLIAMS,1987,0,1610612751,NJN,28.0,70,70.0,2637.0,466,832,0.56,1.0,1.0,1.0,346,518,0.668,298.0,536.0,834,109,68.0,44.0,189.0,266,1279,37.7,6.7,11.9,0.56,0.0,0.0,1.0,4.9,7.4,0.668,4.3,7.7,11.9,1.6,1.0,0.6,2.7,3.8,18.3,0.6033474224469771,0.5606971153846154,0.7709518392112249,0.035466154717523735
313,1006,HERB WILLIAMS,1987,0,1610612754,IND,30.0,75,37.0,1966.0,311,732,0.425,0.0,6.0,0.0,126,171,0.737,116.0,353.0,469,98,37.0,146.0,119.0,244,748,26.2,4.1,9.8,0.425,0.0,0.1,0.0,1.7,2.3,0.737,1.5,4.7,6.3,1.3,0.5,1.9,1.6,3.3,10.0,0.46330707100738316,0.4248633879781421,0.6083418107833164,0.008697026035551005
314,73,HOT ROD WILLIAMS,1987,0,1610612739,CLE,25.0,77,50.0,2106.0,316,663,0.477,0.0,1.0,0.0,211,279,0.756,159.0,347.0,506,103,61.0,145.0,104.0,203,843,27.4,4.1,8.6,0.477,0.0,0.0,0.0,2.7,3.6,0.756,2.1,4.5,6.6,1.3,0.8,1.9,1.4,2.6,10.9,0.5364233353695785,0.4766214177978884,0.6400759734093068,0.012100177774723166
315,78554,JOHN WILLIAMS,1987,0,1610612764,WAS,21.0,82,37.0,2428.0,427,910,0.469,5.0,38.0,0.132,188,256,0.734,127.0,317.0,444,232,117.0,34.0,145.0,217,1047,29.6,5.2,11.1,0.469,0.1,0.5,0.132,2.3,3.1,0.734,1.5,3.9,5.4,2.8,1.4,0.4,1.8,2.6,12.8,0.511910349683173,0.47197802197802197,0.6499176276771005,0.01672808858907275
316,78556,KEVIN WILLIAMS,1987,0,1610612760,SEA,26.0,80,9.0,1084.0,199,450,0.442,1.0,7.0,0.143,103,122,0.844,61.0,66.0,127,96,62.0,7.0,68.0,207,502,13.6,2.5,5.6,0.442,0.0,0.1,0.143,1.3,1.5,0.844,0.8,0.8,1.6,1.2,0.8,0.1,0.9,2.6,6.3,0.4983322744599746,0.44333333333333336,0.6060885608856088,0.003120973076376612
317,199,REGGIE WILLIAMS,1987,0,1610612746,LAC,24.0,35,14.0,857.0,152,427,0.356,13.0,58.0,0.224,48,66,0.727,55.0,63.0,118,58,29.0,21.0,63.0,108,365,24.5,4.3,12.2,0.356,0.4,1.7,0.224,1.4,1.9,0.727,1.6,1.8,3.4,1.7,0.8,0.6,1.8,3.1,10.4,0.400184194368915,0.3711943793911007,0.5577596266044341,0.0021035477136980675
318,788,KEVIN WILLIS,1987,0,1610612737,ATL,25.0,75,55.0,2091.0,356,687,0.518,0.0,2.0,0.0,159,245,0.649,235.0,312.0,547,28,68.0,42.0,138.0,240,871,27.9,4.7,9.2,0.518,0.0,0.0,0.0,2.1,3.3,0.649,3.1,4.2,7.3,0.4,0.9,0.6,1.8,3.2,11.6,0.5479365878208354,0.5181950509461426,0.6255380200860832,0.010672715242431673
319,78582,NIKITA WILSON,1987,0,1610612757,POR,24.0,15,0.0,54.0,7,23,0.304,0.0,0.0,0.0,5,6,0.833,2.0,9.0,11,3,0.0,0.0,5.0,7,19,3.6,0.5,1.5,0.304,0.0,0.0,0.0,0.3,0.4,0.833,0.1,0.6,0.7,0.2,0.0,0.0,0.3,0.5,1.3,0.3705148205928237,0.30434782608695654,0.5185185185185185,6.304318563287828e-06
320,78584,RICKY WILSON,1987,0,1610612751,NJN,23.0,6,0.0,47.0,7,11,0.636,1.0,1.0,1.0,6,11,0.545,1.0,0.0,1,6,6.0,0.0,4.0,6,21,7.8,1.2,1.8,0.636,0.2,0.2,1.0,1.0,1.8,0.545,0.2,0.0,0.2,1.0,1.0,0.0,0.7,1.0,3.5,0.6628787878787878,0.6818181818181818,0.5106382978723404,1.0378882198803734e-05
321,766,DAVID WINGATE,1987,0,1610612755,PHL,24.0,61,22.0,1419.0,218,545,0.4,10.0,40.0,0.25,99,132,0.75,44.0,57.0,101,119,47.0,22.0,104.0,125,545,23.3,3.6,8.9,0.4,0.2,0.7,0.25,1.6,2.2,0.75,0.7,0.9,1.7,2.0,0.8,0.4,1.7,2.0,8.9,0.45184718445314054,0.4091743119266055,0.46582100070472165,0.007352443236695811
322,1984,RICKIE WINSLOW,1987,0,1610612749,MIL,23.0,7,0.0,45.0,3,13,0.231,0.0,1.0,0.0,1,2,0.5,3.0,4.0,7,2,1.0,0.0,4.0,9,7,6.4,0.4,1.9,0.231,0.0,0.1,0.0,0.1,0.3,0.5,0.4,0.6,1.0,0.3,0.1,0.0,0.6,1.3,1.0,0.2521613832853026,0.23076923076923078,0.26666666666666666,1.8886182415676315e-06
323,1456,RANDY WITTMAN,1987,0,1610612737,ATL,28.0,82,82.0,2412.0,376,787,0.478,0.0,0.0,0.0,71,89,0.798,39.0,131.0,170,302,50.0,18.0,82.0,117,823,29.4,4.6,9.6,0.478,0.0,0.0,0.0,0.9,1.1,0.798,0.5,1.6,2.1,3.7,0.6,0.2,1.0,1.4,10.0,0.498087537522998,0.4777636594663278,0.5029021558872305,0.01163268245604847
324,341,JOE WOLF,1987,0,1610612746,LAC,23.0,42,26.0,1137.0,136,334,0.407,3.0,15.0,0.2,45,54,0.833,51.0,136.0,187,98,38.0,16.0,76.0,139,320,27.1,3.2,8.0,0.407,0.1,0.4,0.2,1.1,1.3,0.833,1.2,3.2,4.5,2.3,0.9,0.4,1.8,3.3,7.6,0.4472271914132379,0.4116766467065868,0.465259454705365,0.0024467473350870505
325,78611,LEON WOOD,1987,0,1610612759,SAN,26.0,38,8.0,830.0,120,282,0.426,43.0,108.0,0.398,69,91,0.758,16.0,35.0,51,155,22.0,1.0,34.0,44,352,21.8,3.2,7.4,0.426,1.1,2.8,0.398,1.8,2.4,0.758,0.4,0.9,1.3,4.1,0.6,0.0,0.9,1.2,9.3,0.5465159607502174,0.50177304964539,0.6313253012048192,0.0016649578851022913
326,78614,MIKE WOODSON,1987,0,1610612746,LAC,30.0,80,77.0,2534.0,562,1263,0.445,18.0,78.0,0.231,296,341,0.868,64.0,126.0,190,273,109.0,26.0,186.0,210,1438,31.7,7.0,15.8,0.445,0.2,1.0,0.231,3.7,4.3,0.868,0.8,1.6,2.4,3.4,1.4,0.3,2.3,2.6,18.0,0.5088320217403612,0.45209817893903403,0.6767955801104972,0.02450440589364837
327,78615,ORLANDO WOOLRIDGE,1987,0,1610612751,NJN,28.0,19,12.0,622.0,110,247,0.445,0.0,2.0,0.0,92,130,0.708,31.0,60.0,91,71,13.0,20.0,48.0,73,312,32.7,5.8,13.0,0.445,0.0,0.1,0.0,4.8,6.8,0.708,1.6,3.2,4.8,3.7,0.7,1.1,2.5,3.8,16.4,0.5128205128205129,0.44534412955465585,0.684887459807074,0.002040696448863878
328,1460,JAMES WORTHY,1987,0,1610612747,LAL,27.0,75,72.0,2655.0,617,1161,0.531,2.0,16.0,0.125,242,304,0.796,129.0,245.0,374,289,72.0,55.0,155.0,175,1478,35.4,8.2,15.5,0.531,0.0,0.2,0.125,3.2,4.1,0.796,1.7,3.3,5.0,3.9,1.0,0.7,2.1,2.3,19.7,0.5707621489696932,0.5322997416020672,0.7480225988700565,0.021607308573878537
329,78620,BRAD WRIGHT,1987,0,1610612743,DEN,26.0,2,0.0,7.0,1,5,0.2,0.0,0.0,0.0,0,0,0.0,0.0,1.0,1,0,0.0,0.0,2.0,3,2,3.5,0.5,2.5,0.2,0.0,0.0,0.0,0.0,0.0,0.0,0.0,0.5,0.5,0.0,0.0,0.0,1.0,1.5,1.0,0.2,0.2,0.14285714285714285,7.393561496528671e-08
330,78633,DANNY YOUNG,1987,0,1610612760,SEA,25.0,77,0.0,949.0,89,218,0.408,22.0,77.0,0.286,43,53,0.811,18.0,57.0,75,218,52.0,2.0,37.0,69,243,12.3,1.2,2.8,0.408,0.3,1.0,0.286,0.6,0.7,0.811,0.2,0.7,1.0,2.8,0.7,0.0,0.5,0.9,3.2,0.5034808552958727,0.45871559633027525,0.5258166491043204,0.0013226030163919625
331,78644,PHIL ZEVENBERGEN,1987,0,1610612759,SAN,24.0,8,0.0,58.0,15,27,0.556,0.0,0.0,0.0,0,2,0.0,4.0,9.0,13,3,3.0,1.0,4.0,12,30,7.3,1.9,3.4,0.556,0.0,0.0,0.0,0.0,0.3,0.0,0.5,1.1,1.6,0.4,0.4,0.1,0.5,1.5,3.8,0.5380200860832138,0.5555555555555556,0.7241379310344828,9.915891018886866e-06
